"Average weekly earnings by industry, annual c 1 2 3 4"
"Frequency: Annual"
"Table: 14-10-0204-01 (formerly CANSIM 281-0027)"
"Release date: 2024-03-28"
"Geography: Canada, Province or territory"
""
""

"Geography","Canada",,,,,,,,,,,,,,,,,,,,,,,,,,,,,,"Newfoundland and Labrador",,,,,,,,,,,,,,,,,,,,,,,,,,,,,,"Prince Edward Island",,,,,,,,,,,,,,,,,,,,,,,,,,,,,,"Nova Scotia",,,,,,,,,,,,,,,,,,,,,,,,,,,,,,"New Brunswick",,,,,,,,,,,,,,,,,,,,,,,,,,,,,,"Quebec",,,,,,,,,,,,,,,,,,,,,,,,,,,,,,"Ontario",,,,,,,,,,,,,,,,,,,,,,,,,,,,,,"Manitoba",,,,,,,,,,,,,,,,,,,,,,,,,,,,,,"Saskatchewan",,,,,,,,,,,,,,,,,,,,,,,,,,,,,,"Alberta",,,,,,,,,,,,,,,,,,,,,,,,,,,,,,"British Columbia",,,,,,,,,,,,,,,,,,,,,,,,,,,,,,"Yukon",,,,,,,,,,,,,,,,,,,,,,,,,,,,,,"Northwest Territories 5 6",,,,,,,,,,,,,,,,,,,,,,,,,,,,,,"Nunavut 5 6",,,,,,,,,,,,,,,,,,,,,,,,,,,,,
"Type of employees","All employees 7",,,,,,,,,,"Salaried employees paid a fixed salary",,,,,,,,,,"Employees paid by the hour",,,,,,,,,,"All employees 7",,,,,,,,,,"Salaried employees paid a fixed salary",,,,,,,,,,"Employees paid by the hour",,,,,,,,,,"All employees 7",,,,,,,,,,"Salaried employees paid a fixed salary",,,,,,,,,,"Employees paid by the hour",,,,,,,,,,"All employees 7",,,,,,,,,,"Salaried employees paid a fixed salary",,,,,,,,,,"Employees paid by the hour",,,,,,,,,,"All employees 7",,,,,,,,,,"Salaried employees paid a fixed salary",,,,,,,,,,"Employees paid by the hour",,,,,,,,,,"All employees 7",,,,,,,,,,"Salaried employees paid a fixed salary",,,,,,,,,,"Employees paid by the hour",,,,,,,,,,"All employees 7",,,,,,,,,,"Salaried employees paid a fixed salary",,,,,,,,,,"Employees paid by the hour",,,,,,,,,,"All employees 7",,,,,,,,,,"Salaried employees paid a fixed salary",,,,,,,,,,"Employees paid by the hour",,,,,,,,,,"All employees 7",,,,,,,,,,"Salaried employees paid a fixed salary",,,,,,,,,,"Employees paid by the hour",,,,,,,,,,"All employees 7",,,,,,,,,,"Salaried employees paid a fixed salary",,,,,,,,,,"Employees paid by the hour",,,,,,,,,,"All employees 7",,,,,,,,,,"Salaried employees paid a fixed salary",,,,,,,,,,"Employees paid by the hour",,,,,,,,,,"All employees 7",,,,,,,,,,"Salaried employees paid a fixed salary",,,,,,,,,,"Employees paid by the hour",,,,,,,,,,"All employees 7",,,,,,,,,,"Salaried employees paid a fixed salary",,,,,,,,,,"Employees paid by the hour",,,,,,,,,,"All employees 7",,,,,,,,,,"Salaried employees paid a fixed salary",,,,,,,,,,"Employees paid by the hour",,,,,,,,,
"Overtime","Including overtime",,,,,,,,,,"Including overtime",,,,,,,,,,"Including overtime",,,,,,,,,,"Including overtime",,,,,,,,,,"Including overtime",,,,,,,,,,"Including overtime",,,,,,,,,,"Including overtime",,,,,,,,,,"Including overtime",,,,,,,,,,"Including overtime",,,,,,,,,,"Including overtime",,,,,,,,,,"Including overtime",,,,,,,,,,"Including overtime",,,,,,,,,,"Including overtime",,,,,,,,,,"Including overtime",,,,,,,,,,"Including overtime",,,,,,,,,,"Including overtime",,,,,,,,,,"Including overtime",,,,,,,,,,"Including overtime",,,,,,,,,,"Including overtime",,,,,,,,,,"Including overtime",,,,,,,,,,"Including overtime",,,,,,,,,,"Including overtime",,,,,,,,,,"Including overtime",,,,,,,,,,"Including overtime",,,,,,,,,,"Including overtime",,,,,,,,,,"Including overtime",,,,,,,,,,"Including overtime",,,,,,,,,,"Including overtime",,,,,,,,,,"Including overtime",,,,,,,,,,"Including overtime",,,,,,,,,,"Including overtime",,,,,,,,,,"Including overtime",,,,,,,,,,"Including overtime",,,,,,,,,,"Including overtime",,,,,,,,,,"Including overtime",,,,,,,,,,"Including overtime",,,,,,,,,,"Including overtime",,,,,,,,,,"Including overtime",,,,,,,,,,"Including overtime",,,,,,,,,,"Including overtime",,,,,,,,,,"Including overtime",,,,,,,,,,"Including overtime",,,,,,,,,
"North American Industry Classification System (NAICS) 4","2014","2015","2016","2017","2018","2019","2020","2021","2022","2023","2014","2015","2016","2017","2018","2019","2020","2021","2022","2023","2014","2015","2016","2017","2018","2019","2020","2021","2022","2023","2014","2015","2016","2017","2018","2019","2020","2021","2022","2023","2014","2015","2016","2017","2018","2019","2020","2021","2022","2023","2014","2015","2016","2017","2018","2019","2020","2021","2022","2023","2014","2015","2016","2017","2018","2019","2020","2021","2022","2023","2014","2015","2016","2017","2018","2019","2020","2021","2022","2023","2014","2015","2016","2017","2018","2019","2020","2021","2022","2023","2014","2015","2016","2017","2018","2019","2020","2021","2022","2023","2014","2015","2016","2017","2018","2019","2020","2021","2022","2023","2014","2015","2016","2017","2018","2019","2020","2021","2022","2023","2014","2015","2016","2017","2018","2019","2020","2021","2022","2023","2014","2015","2016","2017","2018","2019","2020","2021","2022","2023","2014","2015","2016","2017","2018","2019","2020","2021","2022","2023","2014","2015","2016","2017","2018","2019","2020","2021","2022","2023","2014","2015","2016","2017","2018","2019","2020","2021","2022","2023","2014","2015","2016","2017","2018","2019","2020","2021","2022","2023","2014","2015","2016","2017","2018","2019","2020","2021","2022","2023","2014","2015","2016","2017","2018","2019","2020","2021","2022","2023","2014","2015","2016","2017","2018","2019","2020","2021","2022","2023","2014","2015","2016","2017","2018","2019","2020","2021","2022","2023","2014","2015","2016","2017","2018","2019","2020","2021","2022","2023","2014","2015","2016","2017","2018","2019","2020","2021","2022","2023","2014","2015","2016","2017","2018","2019","2020","2021","2022","2023","2014","2015","2016","2017","2018","2019","2020","2021","2022","2023","2014","2015","2016","2017","2018","2019","2020","2021","2022","2023","2014","2015","2016","2017","2018","2019","2020","2021","2022","2023","2014","2015","2016","2017","2018","2019","2020","2021","2022","2023","2014","2015","2016","2017","2018","2019","2020","2021","2022","2023","2014","2015","2016","2017","2018","2019","2020","2021","2022","2023","2014","2015","2016","2017","2018","2019","2020","2021","2022","2023","2014","2015","2016","2017","2018","2019","2020","2021","2022","2023","2014","2015","2016","2017","2018","2019","2020","2021","2022","2023","2014","2015","2016","2017","2018","2019","2020","2021","2022","2023","2014","2015","2016","2017","2018","2019","2020","2021","2022","2023","2014","2015","2016","2017","2018","2019","2020","2021","2022","2023","2014","2015","2016","2017","2018","2019","2020","2021","2022","2023","2014","2015","2016","2017","2018","2019","2020","2021","2022","2023","2014","2015","2016","2017","2018","2019","2020","2021","2022","2023","2014","2015","2016","2017","2018","2019","2020","2021","2022","2023","2014","2015","2016","2017","2018","2019","2020","2021","2022","2023"
,"Current dollars",,,,,,,,,,,,,,,,,,,,,,,,,,,,,,,,,,,,,,,,,,,,,,,,,,,,,,,,,,,,,,,,,,,,,,,,,,,,,,,,,,,,,,,,,,,,,,,,,,,,,,,,,,,,,,,,,,,,,,,,,,,,,,,,,,,,,,,,,,,,,,,,,,,,,,,,,,,,,,,,,,,,,,,,,,,,,,,,,,,,,,,,,,,,,,,,,,,,,,,,,,,,,,,,,,,,,,,,,,,,,,,,,,,,,,,,,,,,,,,,,,,,,,,,,,,,,,,,,,,,,,,,,,,,,,,,,,,,,,,,,,,,,,,,,,,,,,,,,,,,,,,,,,,,,,,,,,,,,,,,,,,,,,,,,,,,,,,,,,,,,,,,,,,,,,,,,,,,,,,,,,,,,,,,,,,,,,,,,,,,,,,,,,,,,,,,,,,,,,,,,,,,,,,,,,,,,,,,,,,
"Industrial aggregate excluding unclassified businesses 8 9","935.43A","951.97A","956.60A","975.98A","1,001.19A","1,028.30A","1,096.56B","1,130.17B","1,165.29B","1,205.01B","1,265.23A","1,282.73A","1,301.46A","1,328.46A","1,358.42A","1,392.57A","1,437.48B","1,494.07A","1,545.32B","1,588.32B","708.24A","719.40A","721.56A","731.24A","756.33A","775.32A","840.76B","868.61A","890.68B","924.54B","992.64A","1,018.97A","1,015.57A","1,033.45A","1,036.75A","1,059.04A","1,096.25B","1,098.90B","1,150.85B","1,197.48B","1,296.08A","1,305.56A","1,308.86A","1,325.50A","1,331.79A","1,368.45A","1,388.44B","1,419.63A","1,494.02B","1,543.23B","778.24A","800.83A","815.14A","816.87A","826.58A","852.22A","894.25B","885.41A","909.19B","968.64B","773.62A","800.02A","817.67A","820.95A","841.20A","866.91A","943.31B","945.58B","974.87B","1,016.97B","1,069.23A","1,103.27A","1,121.40A","1,127.33A","1,155.20A","1,184.39A","1,230.95B","1,259.12A","1,304.70B","1,352.27B","573.25A","595.78A","613.50A","627.55A","639.44A","652.18A","714.13B","710.93A","736.42B","779.24B","819.70A","834.77A","847.65A","861.09A","871.58A","904.69A","965.05B","980.05B","1,019.02B","1,067.85B","1,102.41A","1,110.72A","1,141.89A","1,165.43A","1,174.69A","1,207.12A","1,257.87B","1,281.30A","1,348.48B","1,402.92B","630.51A","640.87A","653.97A","660.89A","669.96A","701.83A","748.83B","762.40A","789.98B","834.49B","831.79A","854.60A","874.26A","886.35A","911.55A","940.79A","995.76B","1,008.88B","1,066.65B","1,104.22B","1,162.54A","1,185.16A","1,202.83A","1,220.78A","1,241.38A","1,287.36A","1,314.17B","1,372.13A","1,441.03B","1,474.28B","645.91A","658.04A","678.15A","692.60A","709.48A","740.88A","787.73B","791.39B","843.17B","876.90B","849.69A","867.46A","878.32A","902.77A","931.09A","964.31A","1,039.38B","1,071.27B","1,114.85B","1,155.32B","1,158.32A","1,180.69A","1,199.89A","1,231.71A","1,270.63A","1,297.75A","1,349.28B","1,403.04A","1,460.05B","1,500.69B","676.83A","686.68A","695.79A","716.83A","739.49A","770.85A","841.39A","874.05A","904.14B","933.87B","938.31A","963.15A","974.09A","992.74A","1,021.37A","1,049.11A","1,125.87B","1,165.62B","1,193.26B","1,231.95B","1,275.21A","1,292.66A","1,321.40A","1,348.39A","1,385.36A","1,420.14A","1,470.30B","1,535.15A","1,579.41B","1,618.17B","686.08A","705.39A","716.68A","719.60A","745.25A","764.17A","833.52B","863.76A","877.92B","911.43B","865.77A","882.21A","891.81A","914.49A","941.09A","958.98A","993.44B","1,023.43B","1,056.59B","1,104.41B","1,157.14A","1,184.23A","1,195.52A","1,229.04A","1,261.70A","1,299.78A","1,316.87B","1,367.14A","1,413.49B","1,455.52B","659.49A","668.56A","680.82A","697.46A","718.92A","725.64A","765.14B","787.40A","809.63B","853.03B","974.98A","980.18A","988.00A","1,009.50A","1,014.87A","1,041.63A","1,092.00B","1,107.73B","1,140.71B","1,167.08B","1,279.93A","1,281.56A","1,320.35A","1,352.57A","1,363.78A","1,412.80A","1,418.60B","1,462.22A","1,518.59B","1,547.56B","755.77A","765.63A","756.57A","770.72A","779.94A","791.79A","844.93B","864.42A","880.62B","910.16B","1,147.82A","1,143.44A","1,116.02A","1,127.79A","1,147.56A","1,164.29A","1,201.90B","1,226.16B","1,256.74B","1,283.46B","1,488.85A","1,498.81A","1,505.59A","1,520.10A","1,519.71A","1,551.91A","1,575.68B","1,615.68A","1,681.10B","1,708.50B","878.36A","867.68A","827.82A","832.42A","870.63A","866.24A","912.42B","932.71A","947.40B","980.10B","896.50A","910.55A","920.42A","943.88A","969.93A","998.29A","1,081.46B","1,125.70B","1,164.19B","1,213.39B","1,216.43A","1,243.80A","1,250.21A","1,283.11A","1,325.34A","1,359.97A","1,431.52B","1,493.16A","1,539.47B","1,614.24B","684.06A","696.11A","699.32A","711.92A","737.87A","758.20A","836.16B","869.45A","899.26B","934.66B","1,041.95A","1,050.83A","1,054.59A","1,094.56A","1,117.72A","1,166.12A","1,256.50B","1,299.40B","1,335.54B","1,376.77B","1,418.77A","1,451.17A","1,461.16A","1,514.62A","1,526.25A","1,572.48A","1,647.74B","1,707.10B","1,772.41B","1,816.03B","769.14A","749.89A","777.06A","804.16A","816.15A","840.84A","936.99B","973.60A","1,016.41B","1,045.10B","1,403.46A","1,426.41A","1,407.78A","1,402.79A","1,423.10A","1,457.21A","1,511.07B","1,527.19B","1,564.80B","1,594.34B","1,747.92A","1,795.16A","1,838.42A","1,833.19A","1,898.73A","1,954.87A","1,936.67B","1,959.69A","2,027.28B","2,003.59B","1,033.04A","1,035.51A","993.10A","983.43A","1,003.56A","979.54A","1,133.22B","1,171.96A","1,155.48B","1,220.62B","1,242.75A","1,260.98A","1,282.34A","1,338.67A","1,376.58A","1,442.45A","1,475.90B","1,492.71B","1,555.16B","1,632.17B","1,613.07A","1,672.57A","1,738.33A","1,769.07A","1,814.37A","1,928.69A","1,885.89B","1,922.95A","1,990.75B","2,111.77B","914.09A","927.73A","915.80A","971.06A","1,011.07A","1,069.47A","1,195.85C","1,168.33A","1,226.17B","1,298.41B"
"Goods producing industries 10","1,216.78A","1,221.29A","1,225.07A","1,236.25A","1,253.17A","1,288.11A","1,311.90B","1,354.87B","1,423.36B","1,481.93B","1,609.23A","1,570.48A","1,600.47A","1,608.55A","1,625.02A","1,698.68A","1,697.38B","1,752.82A","1,840.94A","1,864.70B","1,041.73A","1,061.71A","1,063.33A","1,083.14A","1,100.71A","1,122.10A","1,146.32B","1,194.64A","1,256.07B","1,331.72B","1,385.60A","1,407.57A","1,453.81A","1,478.90A","1,413.21A","1,480.84A","1,468.36B","1,512.97B","1,528.14B","1,685.57B","1,768.63A","1,630.48A","1,700.98A","1,756.73A","1,747.21A","1,874.71A","1,852.58B","1,873.45B","1,887.88B","2,040.33B","1,205.82A","1,276.94A","1,325.95A","1,349.14A","1,272.83A","1,322.74A","1,302.91B","1,359.86B","1,354.58B","1,534.31B","834.58A","895.14A","953.83A","946.43A","953.77A","987.13A","1,078.75B","1,062.37B","1,110.10B","1,188.75B","1,030.85A","1,110.89A","1,178.19B","1,179.92A","1,212.44A","1,243.27A","1,344.96B","1,348.07B","1,507.31B","1,573.74B","751.28A","812.12A","852.25A","857.94A","847.24A","860.53A","965.61B","959.58B","990.29B","1,082.40B","988.84A","1,002.32A","1,004.94A","1,025.43A","1,040.77A","1,088.42A","1,098.45B","1,141.06B","1,186.22B","1,283.98B","1,316.65A","1,339.85A","1,344.51A","1,392.91A","1,388.83A","1,440.11A","1,482.74B","1,531.28B","1,583.09B","1,697.80B","876.42A","885.17A","894.99A","917.89A","936.55A","971.94A","975.21B","1,018.83B","1,070.91B","1,148.10B","974.72A","1,001.93A","1,023.10A","1,058.94A","1,046.73A","1,092.33A","1,116.54B","1,141.21B","1,199.10B","1,278.55B","1,344.33A","1,313.41A","1,391.83A","1,451.37A","1,443.07A","1,490.07A","1,537.84B","1,526.06B","1,621.10B","1,666.74B","872.91A","901.83A","899.57A","945.10A","927.52A","979.49A","983.65B","1,025.66B","1,073.58B","1,155.66B","1,061.90A","1,071.05A","1,086.71A","1,105.08A","1,126.45A","1,167.34A","1,206.24B","1,267.27B","1,338.09B","1,403.53B","1,382.50A","1,359.35A","1,393.39A","1,398.44A","1,449.85A","1,523.83A","1,521.43B","1,590.72A","1,683.49A","1,728.36B","948.36A","954.58A","969.47A","998.89A","1,016.40A","1,045.19A","1,088.65B","1,153.68A","1,220.23A","1,293.55B","1,147.14A","1,173.23A","1,185.89A","1,194.59A","1,212.39A","1,251.75A","1,279.26B","1,309.91B","1,383.51B","1,434.85B","1,479.50A","1,454.41A","1,486.07A","1,489.18A","1,514.36A","1,586.11A","1,604.62A","1,647.68B","1,743.13A","1,758.07B","989.18A","1,030.71A","1,044.15A","1,067.40A","1,071.26A","1,103.74A","1,124.33B","1,165.51B","1,225.80B","1,300.36B","1,062.01A","1,085.10A","1,102.86A","1,150.33A","1,173.06A","1,195.45A","1,192.92B","1,225.98B","1,256.04B","1,323.95B","1,439.20A","1,466.45A","1,450.58A","1,491.32A","1,512.36A","1,551.18A","1,568.57A","1,618.84B","1,668.04B","1,674.56B","906.59A","946.85A","994.58A","1,033.45A","1,053.80A","1,075.13A","1,060.32A","1,086.03B","1,118.17B","1,198.59B","1,405.23A","1,390.91A","1,403.17A","1,424.55A","1,431.52A","1,480.31A","1,470.19B","1,504.89B","1,564.74B","1,613.90B","1,826.79A","1,785.44A","1,835.57A","1,831.04A","1,863.02A","1,957.93A","1,925.72B","1,962.35A","2,083.42B","2,084.13B","1,205.54A","1,238.74A","1,216.55A","1,243.38A","1,263.56A","1,259.76A","1,289.53B","1,308.60B","1,344.57B","1,433.86B","1,637.13A","1,611.60A","1,616.51A","1,595.29A","1,609.48A","1,633.78A","1,646.24B","1,682.16B","1,758.21B","1,791.69B","2,049.33A","2,013.31A","2,132.73A","2,080.34A","2,079.06A","2,150.54A","2,134.65B","2,165.27A","2,273.73B","2,257.66B","1,362.06A","1,355.71A","1,321.88A","1,310.43A","1,355.24A","1,344.79A","1,362.81B","1,400.13A","1,472.12B","1,538.00B","1,147.01A","1,151.35A","1,157.64A","1,190.38A","1,229.12A","1,264.91A","1,296.23B","1,362.75B","1,412.34B","1,480.70B","1,495.59A","1,475.86A","1,473.86A","1,535.79A","1,577.68A","1,680.57A","1,684.85B","1,764.85B","1,792.00B","1,859.53B","1,013.29A","1,030.81A","1,034.39A","1,061.55A","1,109.03A","1,125.36A","1,150.08B","1,218.86B","1,280.47B","1,345.04B","1,288.08A","1,225.48A","1,273.26A","1,393.67A","1,346.22A","1,475.76A","1,513.69B","1,620.74B","1,719.00B","1,794.49B","1,784.42B","1,508.86B","1,513.99B","F","F","1,872.17C","F","F","2,195.60B","F","1,207.53B","1,142.48A","1,211.50A","F","F","1,357.21B","F","F","1,592.58B","F","1,873.38A","1,864.56A","1,925.28A","1,927.22A","1,990.70A","2,067.47A","1,996.97B","1,999.81B","2,061.50B","2,122.99B","2,100.58A","2,209.32A","2,415.11A","2,325.11A","2,424.67A","2,521.33A","2,333.69B","2,326.70A","2,533.31B","2,514.07B","1,636.82B","1,522.15A","1,538.45A","1,576.90A","1,642.69A","1,577.05A","1,698.15B","1,805.44A","1,730.37B","1,971.56B","1,630.46A","1,573.18A","1,646.26A","1,748.91A","1,896.60A","1,999.47B","2,021.13B","2,026.29B","2,135.90B","2,211.15B","F","1,948.04B","1,974.38B","2,241.12B","2,334.29B","F","F","2,330.19B","2,402.50B","F","F","1,466.28A","1,523.91A","1,585.52A","1,730.60A","F","F","1,887.66A","1,965.85B","F"
"Forestry, logging and support 11","1,040.46A","1,103.57A","1,108.87A","1,120.77A","1,202.95A","1,195.16A","1,202.36B","1,269.91B","1,313.93B","1,389.99B","1,113.62B","1,178.26B","1,154.83C","1,264.74B","1,279.62B","1,189.74B","1,501.11C","1,388.49C","1,347.27D","1,674.16C","1,015.94A","1,083.81A","1,085.72A","1,095.16A","1,190.00A","1,172.45A","1,146.54B","1,242.01B","1,318.91B","1,348.17B","x","1,140.85A","x","x","x","x","x","x","x","x","x","F","x","x","x","x","x","x","x","x","x","F","x","x","x","x","x","x","x","x","x","x","x","x","F","F","F","F","F","F","x","x","x","x","F","F","F","F","F","F","x","x","x","x","F","F","F","F","F","F","F","x","x","F","F","F","F","F","F","F","F","x","x","F","F","F","F","F","F","F","F","x","x","F","F","F","F","F","F","F","F","903.94A","944.32A","F","1,010.71A","1,075.41A","1,081.47B","1,109.75B","F","1,211.78B","F","1,085.76A","1,085.79B","F","1,276.64A","1,346.44B","F","F","F","1,604.14C","F","839.76A","889.93A","F","935.20A","1,043.91A","F","F","F","1,239.13B","890.60A","927.72A","F","F","994.92A","1,044.69A","1,062.95B","1,120.61B","1,202.57B","1,303.83B","786.15B","1,049.94C","F","F","977.76C","1,072.19C","1,380.64C","F","1,085.37D","1,457.14E","897.25A","900.80A","F","F","968.99A","1,023.66A","1,011.56B","F","1,228.33B","1,279.38B","1,016.35A","1,034.93A","1,031.71A","1,055.13A","1,119.26A","1,166.36A","1,125.14B","1,153.04B","1,224.53B","1,316.85B","F","1,087.63C","1,046.78C","1,198.33B","1,188.49C","F","1,328.67D","1,295.71C","1,227.77E","1,577.34D","F","1,015.97A","999.52A","994.94B","1,100.49B","F","1,066.52C","1,155.86C","1,221.74C","1,284.42C","x","x","x","x","x","x","x","x","x","x","x","x","x","x","x","x","x","x","x","x","x","x","x","x","x","x","x","x","x","x","x","x","x","x","x","x","x","x","x","x","x","x","x","x","x","x","x","x","x","x","x","x","x","x","x","x","x","x","x","x","1,218.01A","1,315.89A","1,293.03A","F","F","1,317.30B","1,317.77C","1,433.45B","F","1,494.41B","1,494.39B","1,419.29C","1,300.97C","F","F","1,192.02C","1,630.51C","1,466.06C","F","1,749.77D","1,136.68A","1,330.47B","1,325.72B","F","F","1,332.03B","1,301.14C","1,395.41C","F","1,435.88C","1,142.70A","1,225.67A","1,231.96A","1,225.50A","1,354.97A","1,302.74B","1,319.17B","1,386.86B","1,430.61B","1,487.33B","F","1,254.51C","1,274.16D","1,329.66B","1,467.91C","1,310.14D","1,632.58C","1,478.21C","F","1,797.92C","F","1,217.09A","1,228.29B","1,214.45A","1,350.47A","1,271.81B","1,243.98C","1,352.95C","F","1,432.51C","x","x","x","x","F","x","x","x","x","x","x","x","x","x","F","x","x","x","x","x","x","x","x","x","F","x","x","x","x","x","x","x","x","x","x","x","x","x","x","x","x","x","x","x","x","x","x","x","x","x","x","x","x","x","x","x","x","x","x","x","x","x","x","x","x","x","x","x","x","x","x","x","x","x","x","x","x","x","x","x","x","x","x","x","x","x","x","x","x","x"
"Mining, quarrying, and oil and gas extraction","2,048.30A","1,985.31A","2,039.11A","2,025.35A","2,060.10A","2,130.03A","2,099.63B","2,171.22B","2,254.28B","2,302.94B","2,321.09A","2,353.84A","2,504.71A","2,441.57A","2,516.52A","2,509.04A","2,473.18B","2,529.33A","2,614.70B","2,617.68B","1,679.97A","1,637.20A","1,524.44A","1,592.37A","1,685.09A","1,699.91A","1,771.33B","1,822.54A","1,865.88A","2,033.95B","2,088.68A","2,087.77A","2,132.08A","2,110.24A","2,072.44A","2,150.98A","2,134.43B","F","2,024.15B","2,336.03B","F","2,302.29A","2,432.07A","2,318.34A","F","F","2,492.47B","F","F","F","F","1,937.57A","1,853.58A","1,943.34A","F","F","1,916.64B","F","F","F","x","x","x","x","x","F","F","F","F","F","x","x","x","x","x","F","F","F","F","F","x","x","x","x","x","F","F","F","F","F","x","x","x","x","x","x","x","x","x","x","x","x","x","x","x","x","x","x","x","x","x","x","x","x","x","x","x","x","x","x","x","x","x","x","1,356.29A","1,399.38A","x","x","x","x","x","x","x","x","F","F","x","x","x","x","x","x","x","x","F","F","x","x","x","x","1,662.56A","1,520.18A","1,511.68A","1,576.26A","1,693.93A","1,780.10B","1,807.12B","1,798.79B","1,910.13B","2,014.05B","F","1,891.32B","1,911.43B","1,933.74B","2,347.49B","2,151.13B","F","2,057.52B","2,259.75B","2,222.94C","F","1,383.07A","1,305.49B","1,414.71B","1,488.32B","1,572.45B","F","1,676.94A","1,699.16B","1,922.93C","1,783.75A","1,683.07A","1,728.01A","1,752.69A","1,791.20A","1,898.75B","1,912.98B","1,934.76B","1,983.77B","2,062.14B","F","2,106.46B","2,109.28A","2,071.50B","2,316.49B","2,316.93B","2,217.55C","2,214.09B","2,310.92B","2,406.12C","F","1,482.96A","1,445.09B","1,559.67B","1,520.47B","1,620.05B","1,727.50C","1,764.85A","1,795.44B","1,897.81C","x","x","x","x","x","x","x","x","x","x","x","x","x","x","x","x","x","x","x","x","x","x","x","x","x","x","x","x","x","x","2,023.73A","1,924.79A","1,959.75A","1,960.76A","1,963.28A","2,070.91A","1,917.29B","2,099.83B","2,200.00B","2,183.90B","2,301.93A","2,267.01A","2,349.64B","2,359.05A","2,457.17B","2,408.07A","2,295.30C","2,361.05A","2,475.18B","2,437.82C","1,762.60B","1,725.62A","1,655.79B","1,695.64B","1,729.74B","1,791.05B","1,711.64C","1,890.70B","1,961.10B","2,021.12C","2,194.14A","2,166.91A","2,278.78A","2,227.88A","2,243.10A","2,295.62A","2,289.41B","2,391.14B","2,492.75A","2,493.59B","2,411.54A","2,452.30A","2,704.18B","2,580.99A","2,589.59A","F","2,590.46B","2,706.03A","2,784.93A","2,747.36B","1,784.55A","1,749.69B","1,585.85B","1,621.47B","1,811.20B","F","1,829.66C","1,912.09B","1,974.09B","2,138.61C","1,901.81A","1,796.11A","1,795.13A","1,863.28A","2,005.00A","2,064.66A","2,003.43B","2,126.01B","2,108.15B","2,235.16B","2,060.27B","2,163.87A","2,151.31B","2,241.96B","2,453.71B","F","2,401.91B","2,496.15B","2,426.32B","2,611.10B","1,726.44A","1,583.83A","1,503.73B","1,604.16B","1,689.49B","F","1,769.91C","1,833.00A","1,875.65B","2,052.92B","x","x","x","x","x","x","x","x","x","x","x","x","x","x","x","x","x","x","x","x","x","x","x","x","x","x","x","x","x","x","x","x","x","2,251.27A","2,373.09A","2,523.43A","F","2,252.10B","2,433.69B","2,445.99B","x","x","x","F","F","F","F","F","F","F","x","x","x","F","F","F","F","F","F","F","x","x","x","x","x","x","x","x","x","x","x","x","x","x","x","x","x","x","x","x","x","x","x","x","x","x","x","x","x","x"
"Utilities","1,775.57A","1,790.22A","1,737.42A","1,862.48A","1,879.76A","1,890.98A","1,910.46B","1,907.29A","1,995.29B","2,121.19B","1,904.77A","1,922.62A","1,934.46A","F","1,980.94A","2,101.23A","F","F","F","2,327.93B","1,689.29A","1,677.83A","1,572.41A","F","1,756.47A","1,731.87A","F","F","F","1,964.38B","x","F","x","x","x","x","x","x","x","x","x","F","x","x","x","x","x","x","x","x","x","F","x","x","x","x","x","x","x","x","x","x","x","x","x","F","F","F","F","F","x","x","x","x","x","F","F","F","F","F","x","x","x","x","x","F","F","F","F","F","x","x","x","x","x","x","x","x","x","x","x","x","x","x","x","x","x","x","x","x","x","x","x","x","x","x","x","x","x","x","x","x","x","x","F","1,993.80A","x","x","x","x","x","x","x","x","F","F","x","x","x","x","x","x","x","x","F","F","x","x","x","x","1,543.57A","1,575.64A","1,531.41A","1,716.92A","F","1,557.96A","1,694.55B","1,805.26A","1,908.49B","1,964.51B","1,667.94A","1,687.17A","1,715.80B","1,990.88A","F","1,683.89B","1,984.01B","1,969.95A","2,126.63B","2,278.50C","1,468.68A","1,466.50A","1,407.47A","1,556.79A","F","1,504.67A","1,610.29B","1,745.69A","1,800.00B","1,843.80B","1,915.37A","1,930.69A","1,820.71A","1,924.73A","1,939.84A","1,995.31A","1,982.52B","1,944.04A","2,029.69B","2,173.22B","2,039.84A","F","F","F","2,015.98A","F","F","F","F","2,363.92C","1,832.00A","F","F","F","1,828.91A","F","F","F","F","2,012.59C","x","x","x","x","x","x","x","x","x","x","x","x","x","x","x","x","x","x","x","x","x","x","x","x","x","x","x","x","x","x","x","x","x","x","x","x","x","x","x","x","x","x","x","x","x","x","x","x","x","x","x","x","x","x","x","x","x","x","x","x","1,927.44A","2,028.09A","1,963.15A","2,039.08A","2,061.25A","2,124.56A","2,053.41B","2,004.19A","2,064.10B","2,180.16B","F","F","F","F","F","F","F","F","F","2,307.76B","F","F","F","F","F","F","F","F","F","2,030.52C","1,733.35A","1,648.01A","1,734.73A","1,829.10A","1,861.32A","1,896.35A","1,930.74B","1,901.19A","1,983.11B","2,163.64B","1,890.79A","1,738.07A","1,889.35A","F","1,940.99A","F","F","F","F","2,323.85B","1,663.29A","1,579.56A","1,568.94A","F","1,763.33A","F","F","F","F","2,025.41B","x","x","F","F","x","x","x","x","x","x","x","x","F","F","x","x","x","x","x","x","x","x","F","F","x","x","x","x","x","x","x","x","x","x","x","x","x","x","x","x","x","x","x","x","x","x","x","x","x","x","x","x","x","x","x","x","x","x","x","x","x","x","x","x","x","x","x","x","x","x","x","x","x","x","x","x","x","x","x","x","x","x","x","x","x","x","x","x","x","x"
"Construction","1,225.04A","1,213.35A","1,217.39A","1,219.84A","1,257.05A","1,283.35A","1,320.81B","1,383.54B","1,437.58B","1,491.36B","1,493.28A","1,447.72A","1,414.81A","1,400.70A","1,457.77A","1,496.67A","1,571.42B","1,608.21A","1,662.57A","1,751.52B","1,149.45A","1,134.59A","1,155.88A","1,160.93A","1,202.21A","1,226.39A","1,243.41B","1,311.72A","1,369.34A","1,423.51B","1,332.19A","1,405.10A","1,456.60A","1,463.47A","1,322.98A","1,389.70A","1,286.89B","1,422.37B","1,452.27B","1,585.74B","1,573.24A","1,605.93A","1,553.60A","1,568.11A","1,469.23A","1,602.25A","1,469.37B","1,581.50A","1,630.32B","1,838.63B","1,247.94A","1,333.20A","1,425.25A","1,424.29A","1,270.78A","1,323.39A","1,215.92B","1,352.93B","1,365.02B","1,517.22B","844.20A","863.41A","871.15A","915.68A","927.88A","935.88A","1,005.82B","F","1,071.99B","1,154.93B","949.36B","F","F","F","F","F","1,064.34E","F","F","1,401.83C","820.51A","F","F","F","F","F","987.38C","F","F","1,123.57B","928.54A","956.78A","978.35A","1,007.25A","1,026.35A","1,061.37A","1,111.91B","1,160.00B","1,229.52B","1,291.34B","1,128.56B","F","1,169.41B","1,242.41A","1,264.91A","F","1,327.63B","1,393.29A","1,544.21C","1,640.49B","869.78A","F","939.61A","952.35A","979.74A","F","1,055.46B","1,102.74B","1,165.03B","1,217.16B","960.46A","987.82A","986.43A","1,005.94A","1,017.92A","1,047.98A","1,081.16B","1,129.39B","1,202.92B","1,264.30B","1,198.75B","1,203.22B","1,207.88A","1,193.49B","1,188.21B","1,192.89B","1,413.02B","1,330.01A","F","1,490.81B","911.45A","934.68A","940.05A","959.84A","985.61A","1,020.47A","1,018.01A","1,072.25A","F","1,220.69B","1,149.47A","1,119.93A","1,142.68A","1,155.16A","1,201.88A","1,238.15A","1,276.98B","1,379.12A","1,417.80B","1,488.34B","1,324.13A","1,234.79B","1,297.08A","1,234.67A","1,293.07B","1,327.13B","1,406.84B","1,490.26A","1,513.43A","1,675.69B","1,120.38A","1,085.65A","1,109.03A","1,135.60A","1,187.41A","1,225.25A","1,243.87B","1,344.79A","1,382.18A","1,444.16B","1,147.29A","1,166.05A","1,190.53A","1,190.14A","1,244.49A","1,269.17A","1,308.73B","1,368.52B","1,424.35B","1,466.87B","1,388.78A","1,372.21A","1,380.46A","1,324.28A","1,400.51A","1,437.88A","1,522.22A","1,571.43A","1,669.35A","1,702.40B","1,067.88A","1,078.77A","1,118.40A","1,135.64A","1,184.51A","1,212.17A","1,232.34B","1,295.91B","1,342.96B","1,401.36B","1,047.54A","1,087.33A","1,146.69A","1,182.52A","1,222.38A","1,249.88A","1,234.10B","1,271.33B","1,245.80B","1,318.35B","1,323.54A","F","1,264.60B","1,363.84B","1,400.23A","1,375.29A","1,501.24A","1,577.22A","1,553.73A","1,627.56B","975.58A","F","1,105.21A","1,124.22A","1,174.83A","1,217.39A","1,160.97A","1,181.85B","1,171.98B","1,247.63B","1,252.54A","1,248.69A","1,242.88A","1,272.07A","1,268.44A","1,272.28A","1,330.09B","1,360.18B","1,363.67B","1,428.68B","1,520.06A","1,510.90A","1,456.70A","1,520.72A","1,567.93A","1,582.99B","1,690.86C","1,666.91A","1,682.93C","1,738.61B","1,167.91A","1,187.00A","1,181.22A","1,191.40A","1,181.81A","1,166.94A","1,254.95B","1,292.21A","1,300.75B","1,378.61B","1,528.50A","1,471.57A","1,447.43A","1,423.20A","1,448.90A","1,465.12A","1,505.31B","1,533.65B","1,603.51B","1,644.81B","1,818.50A","1,759.34A","1,725.97A","1,646.66A","1,684.18A","1,754.43A","1,859.65B","1,763.60A","1,818.19A","1,894.75B","1,421.71A","1,365.32A","1,358.83A","1,340.11A","1,382.80A","1,377.10A","1,394.29B","1,437.33A","1,530.15B","1,566.31B","1,131.29A","1,130.42A","1,127.85A","1,146.34A","1,201.59A","1,245.83A","1,303.16B","1,364.09B","1,439.51B","1,493.51B","1,407.76A","1,415.54A","1,288.63B","1,439.73B","1,522.79A","1,553.28A","1,627.43B","1,678.41B","1,701.27A","1,830.84B","1,055.12A","1,048.66A","1,074.29A","1,061.22A","1,130.29A","1,170.32A","1,201.30B","1,273.47B","1,366.39B","1,398.14B","x","1,137.03A","1,153.47A","1,202.81B","1,237.91B","1,280.42A","1,316.17B","1,401.24C","1,501.91B","1,507.45B","x","1,319.15B","1,387.73B","F","1,287.69C","F","F","F","F","1,752.59C","x","1,080.97A","1,097.42A","F","1,193.44B","F","F","F","F","1,449.99B","1,432.85A","1,473.63A","1,460.31A","1,577.35A","1,508.03A","1,443.88A","1,552.06B","1,706.04B","1,717.70B","1,804.87B","1,552.10B","1,901.52C","1,659.45B","1,745.89B","1,765.81B","1,725.46B","1,848.21C","1,788.74D","1,966.48C","F","1,374.10B","1,384.79A","1,396.82A","1,538.67A","1,435.48B","1,355.65A","1,456.24B","1,687.44A","1,660.31B","F","x","1,412.01A","1,456.77A","1,530.98A","1,531.47A","1,406.41A","1,443.36C","1,681.64B","1,576.70B","1,768.45B","x","F","F","F","F","F","F","F","F","F","x","F","F","F","F","F","F","F","F","F"
"Manufacturing","1,043.01A","1,077.93A","1,088.18A","1,095.87A","1,095.91A","1,138.08A","1,157.08B","1,188.75B","1,258.41B","1,311.07B","1,392.61A","1,382.43A","1,415.59A","1,417.23A","1,452.82A","1,528.78A","1,530.97B","1,597.89B","1,681.19B","1,675.94B","869.99A","918.23A","930.66A","955.41A","928.28A","962.14A","978.77B","1,013.99B","1,077.03B","1,148.77B","1,069.63A","1,067.20A","1,137.38A","1,094.70A","1,086.18A","1,117.21A","1,180.26B","1,206.71B","1,284.27B","1,379.61B","1,473.86A","F","F","F","F","1,543.56B","1,635.53C","F","F","F","912.05A","F","F","F","F","957.59B","975.85B","F","F","F","790.48A","870.39A","966.23A","914.81A","925.31A","987.18A","1,090.07B","1,032.11B","1,085.35B","1,159.69B","1,029.14A","1,125.10A","1,185.32B","1,204.53A","1,199.54B","1,256.75A","1,321.01B","1,303.58C","F","F","633.26B","743.15B","802.74B","759.14A","743.18B","787.49B","912.90B","880.58C","F","F","935.63A","946.38A","948.45A","952.66A","961.73A","1,020.80A","1,006.10B","1,062.84B","1,080.22B","1,191.92B","1,282.21A","1,274.52A","1,295.73A","1,310.52A","1,305.45A","1,383.41A","1,434.75B","1,523.66B","1,527.62B","1,623.92B","797.50A","807.99A","804.38A","834.37A","839.30A","874.35A","847.85B","895.16B","937.47B","1,012.59B","908.52A","932.07A","949.66A","992.46A","964.04A","1,024.81A","1,042.11B","1,063.17B","1,092.09B","1,173.99B","1,301.27A","1,266.17A","1,268.56A","1,347.84A","1,327.53A","1,424.40A","1,429.68B","1,461.64B","1,503.60B","1,524.85B","782.36A","810.62A","828.02A","881.66A","845.68A","896.04A","903.10B","942.74B","961.88B","1,030.14B","967.08A","1,001.86A","1,017.54A","1,024.64A","1,034.10A","1,085.64A","1,115.93B","1,154.05B","1,234.57B","1,292.34B","1,320.78A","1,331.12A","1,361.52A","1,357.92A","1,410.76A","1,516.83A","1,501.50B","1,564.08B","1,662.74B","1,672.46B","822.43A","852.99A","866.69A","888.34A","878.31A","904.65A","950.05B","989.27B","1,074.89B","1,143.26B","1,070.97A","1,106.78A","1,118.95A","1,124.38A","1,120.80A","1,161.63A","1,182.16B","1,203.39B","1,285.81B","1,332.33B","1,411.03A","1,384.34A","1,428.09A","1,430.33A","1,457.59A","1,523.28A","1,528.51B","1,591.67B","1,685.85B","1,668.97B","885.69A","948.12A","958.95A","984.19A","947.02A","982.04A","998.18B","1,026.33B","1,091.42B","1,170.43B","980.36A","1,009.01A","1,013.19A","1,036.00A","1,052.74A","1,077.34A","1,084.44B","1,115.92B","1,168.08B","1,229.91B","1,366.25A","1,396.26A","1,400.31A","1,376.98A","1,416.78A","1,480.59A","1,466.25A","1,531.84B","1,590.69B","1,581.20B","815.00A","840.19A","894.70A","921.00A","921.03A","935.77A","940.89B","968.27B","1,013.28B","1,080.16B","1,096.58A","1,119.51A","1,134.98A","1,164.03A","1,158.11A","1,203.10A","1,191.08B","1,180.00B","1,276.30B","1,335.45B","1,417.77A","1,447.88A","1,454.69A","1,455.38A","1,556.48A","1,607.42A","1,584.53B","1,621.00B","1,769.01B","1,814.74B","937.96A","958.49A","984.96A","1,026.15A","982.46A","1,037.96A","1,016.91B","1,007.28B","1,075.28B","1,134.68B","1,246.66A","1,298.63A","1,290.68A","1,268.57A","1,264.10A","1,292.11A","1,289.64B","1,320.17B","1,366.94B","1,395.90B","1,574.91A","1,549.37A","F","1,577.23A","1,662.90A","1,672.36A","1,687.25B","1,768.74B","1,835.65B","1,809.10B","1,019.78A","1,093.34A","F","1,096.59A","1,025.66A","1,093.36A","1,063.04B","1,094.82A","1,146.89B","1,191.90B","1,004.31A","1,043.88A","1,062.08A","1,098.59A","1,090.96A","1,127.79A","1,140.61B","1,208.95B","1,228.13B","1,282.16B","1,319.81A","1,357.90A","1,419.34A","1,415.34A","1,384.41A","1,522.96A","1,533.65B","1,634.59B","1,660.36B","1,650.92B","855.17A","902.28A","908.99A","963.58A","958.16A","976.10A","974.39B","1,033.85B","1,055.78B","1,122.01B","x","x","x","x","x","x","x","x","x","x","x","x","x","x","x","x","x","x","x","x","x","x","x","x","x","x","x","x","x","x","x","x","x","x","x","x","x","x","x","x","x","x","x","x","x","x","x","x","x","x","x","x","x","x","x","x","x","x","x","x","x","x","x","x","x","x","x","x","x","x","x","x","x","x","x","x","x","x","x","x","x","x","x","x","x","x","x","x","x","x"
"Service producing industries 12","871.39A","891.63A","898.23A","919.11A","945.81A","971.70A","1,049.17B","1,080.40B","1,109.25B","1,145.63B","1,208.78A","1,237.64A","1,256.67A","1,288.35A","1,319.78A","1,348.27A","1,399.76B","1,457.63A","1,504.03B","1,550.43B","616.40A","625.85A","630.87A","636.23A","663.06A","681.92A","756.13B","777.21A","791.01B","813.14B","902.23A","925.47A","917.55A","939.85A","963.68A","973.67A","1,025.55B","1,019.77B","1,078.05B","1,102.64B","1,210.58A","1,237.80A","1,243.83A","1,259.11A","1,277.63A","1,289.74A","1,321.87B","1,354.01A","1,436.23B","1,472.97B","664.77A","675.53A","678.31A","684.44A","720.67A","742.27A","803.48B","779.31A","808.68B","839.27B","763.93A","784.41A","794.99A","799.53A","821.60A","845.98A","919.09B","924.66B","950.76B","984.91B","1,073.32A","1,102.49A","1,115.06A","1,122.41A","1,148.46A","1,177.44A","1,217.90B","1,250.08A","1,284.85B","1,330.65B","539.32A","551.60A","564.63A","578.32A","597.79A","610.14A","655.56B","651.40A","676.23B","701.95B","791.12A","806.13A","821.04A","832.60A","841.82A","872.56A","941.93B","952.23B","990.25B","1,030.35B","1,081.65A","1,088.66A","1,122.56A","1,145.89A","1,156.08A","1,183.57A","1,237.14B","1,259.78A","1,325.73B","1,373.50B","576.73A","586.15A","600.66A","601.43A","607.01A","642.27A","696.42B","701.79A","726.11B","764.05B","800.66A","822.07A","841.80A","848.59A","882.02A","907.67A","970.20B","981.11B","1,038.94B","1,068.09B","1,139.55A","1,167.79A","1,176.73A","1,191.78A","1,216.36A","1,261.45A","1,286.15B","1,353.89A","1,419.59B","1,449.97B","584.40A","591.76A","619.02A","623.74A","649.37A","676.02A","735.57B","729.43B","782.80B","805.18B","800.57A","821.00A","830.78A","856.26A","885.62A","916.70A","999.73B","1,024.39B","1,062.53B","1,098.32B","1,123.66A","1,152.20A","1,169.68A","1,206.57A","1,243.86A","1,263.31A","1,322.28A","1,374.94A","1,428.57B","1,470.01B","602.06A","614.51A","622.34A","639.46A","661.72A","693.26A","769.31A","791.95A","811.81B","828.63B","893.50A","918.00A","929.20A","949.98A","980.56A","1,006.32A","1,092.94B","1,134.36B","1,153.36B","1,189.80B","1,245.62A","1,270.21A","1,298.52A","1,330.40A","1,367.61A","1,397.95A","1,452.35B","1,521.14A","1,558.38B","1,600.66B","603.50A","615.07A","628.06A","623.05A","656.23A","671.31A","750.37B","774.97A","781.51B","802.48B","825.50A","840.73A","850.16A","868.15A","895.13A","911.78A","953.26B","982.65B","1,016.37B","1,060.44B","1,119.90A","1,149.26A","1,168.08A","1,201.23A","1,234.16A","1,270.85A","1,287.47B","1,336.28A","1,384.68B","1,430.65B","595.94A","596.40A","599.32A","610.31A","631.21A","634.56A","687.69B","711.08A","727.67B","762.00B","881.11A","894.34A","905.91A","927.58A","934.05A","956.74A","1,019.47B","1,032.28B","1,058.81B","1,079.21B","1,189.65A","1,211.63A","1,247.91A","1,285.72A","1,299.26A","1,329.84A","1,357.95B","1,391.40A","1,439.24B","1,475.12B","636.63A","639.93A","645.20A","656.45A","662.49A","685.98A","735.17A","763.53A","773.05B","782.58B","986.86A","1,000.48A","978.83A","998.02A","1,020.46A","1,040.81A","1,085.62B","1,106.85B","1,123.89B","1,149.58B","1,312.99A","1,355.84A","1,355.99A","1,383.98A","1,388.01A","1,417.78A","1,446.26B","1,487.62A","1,540.29B","1,581.26A","705.04A","702.67A","674.34A","684.70A","722.76A","724.54A","782.00A","798.12A","797.77B","816.48B","848.38A","864.38A","875.71A","896.62A","919.44A","946.52A","1,038.75B","1,077.92B","1,116.05B","1,163.00B","1,181.42A","1,216.12A","1,223.14A","1,253.33A","1,296.64A","1,323.25A","1,400.93B","1,459.65A","1,511.01B","1,585.15B","606.15A","617.95A","623.27A","630.80A","648.31A","669.60A","758.63B","781.48A","805.66B","838.11B","1,015.35A","1,034.18A","1,031.01A","1,060.20A","1,090.97A","1,128.39A","1,218.58B","1,246.21B","1,270.25B","1,308.33B","1,404.96A","1,449.00A","1,458.99A","1,504.94A","1,520.46A","1,557.40A","1,628.28B","1,682.38B","1,738.43B","1,796.42B","698.69A","698.86A","712.14A","721.64A","748.88A","747.51A","833.34B","831.84B","872.40B","891.91B","1,293.56A","1,311.32A","1,280.47A","1,276.48A","1,295.54A","1,328.38A","1,418.62B","1,425.90B","1,451.49B","1,480.91B","1,667.04A","1,688.85A","1,714.94A","1,726.40A","1,789.96A","1,826.81A","1,867.62B","1,897.86A","1,928.72B","1,940.03B","884.05A","902.45A","838.01A","822.31A","844.48A","855.82A","1,016.01B","1,009.31A","1,004.11B","984.24B","1,201.34A","1,226.30A","1,243.58A","1,279.30A","1,286.56A","1,315.81A","1,331.09B","1,347.97B","1,377.27B","1,464.63B","1,596.26A","1,658.99A","1,727.77A","1,737.39A","1,766.59A","1,853.61A","1,842.28B","1,847.13A","1,883.70B","2,050.03A","811.93A","840.49A","818.99A","843.51A","837.80A","874.74A","921.04B","919.68B","975.27B","1,037.53B"
"Trade 13","705.04A","727.01A","730.46A","745.13A","784.65A","794.04A","835.28B","853.04B","900.63B","914.35B","1,155.09A","1,216.69A","1,217.90A","1,259.75A","1,279.29A","1,311.52A","1,368.84B","1,433.66A","1,511.41A","1,533.84A","496.22A","521.46A","517.78A","517.37A","549.03A","564.77A","607.54A","613.42A","647.53A","664.67A","638.93A","662.19A","679.09A","682.01A","714.32A","733.21A","771.44B","766.73B","801.36B","811.77B","1,038.99A","1,067.77A","1,113.30A","1,127.14A","1,141.74A","1,228.29A","1,202.54B","1,242.09A","1,305.70B","1,344.23A","492.74A","513.52A","523.08A","507.36A","542.97A","560.25A","614.59B","590.30A","611.70B","647.44A","603.17A","640.22A","644.68A","635.27A","665.46A","684.37A","732.70B","708.74B","785.71B","787.47B","F","968.06A","F","953.25A","1,007.69A","1,041.33A","1,145.65B","F","1,225.54A","1,231.74A","F","479.20A","F","494.26A","517.56A","511.69A","536.33B","F","592.70A","638.68B","629.80A","653.10A","663.76A","653.83A","681.04A","700.88A","737.45B","743.01B","781.16B","793.65B","1,035.63A","F","1,083.63A","1,099.01A","1,180.47A","1,196.12A","1,218.36B","1,240.30A","1,293.99A","1,344.27A","454.10A","F","496.76A","479.72A","501.71A","521.08A","558.05B","554.75A","575.28A","618.14A","626.57A","636.25A","649.11A","634.36A","684.00A","686.15A","714.35B","716.00B","777.19B","777.30B","1,007.75A","1,074.82A","1,048.35A","1,069.14A","1,089.35A","1,123.95A","1,166.05B","1,219.50A","1,359.09B","1,298.92A","473.34A","487.14A","490.31A","490.58A","522.47A","533.81A","573.23B","572.88A","608.52B","627.30A","650.47A","663.08A","669.81A","686.26A","733.59A","749.54A","784.93B","810.53B","839.19B","867.42B","1,105.66A","1,157.18A","1,145.90A","1,195.92A","1,232.49A","1,251.18A","1,330.95A","1,372.58A","1,474.80A","1,488.79A","482.61A","502.22A","503.01A","512.18A","550.58A","566.52A","595.77A","613.39A","643.37A","660.95A","716.29A","749.56A","757.60A","777.87A","818.73A","828.21A","877.30B","895.20B","949.35B","960.78B","1,173.00A","1,257.71A","1,273.07A","1,306.09A","1,322.79A","1,356.06A","1,410.93B","1,494.83A","1,560.94A","1,576.53A","481.72A","513.84A","511.61A","500.49A","538.53A","560.28A","609.82B","615.18A","647.36A","662.78A","678.01A","686.90A","694.61A","711.41A","743.29A","744.47A","781.43B","785.68B","841.96B","858.62B","1,109.42A","1,153.47A","1,120.33A","1,163.04A","1,190.09A","1,241.80A","1,235.10A","1,307.94A","1,373.25B","1,442.09A","491.86A","492.94A","515.12A","511.13A","543.38A","540.85A","590.91B","575.58A","598.05B","635.97A","763.29A","772.06A","782.87A","794.07A","805.13A","815.77A","832.29B","834.60B","879.75B","893.00B","1,186.50A","1,223.45A","1,256.71A","1,309.15A","1,274.72A","1,375.78A","1,333.25A","1,369.70A","1,435.83A","1,493.83A","544.26A","545.21A","563.13A","580.59A","588.97A","596.58A","618.76A","626.00A","649.65A","669.81B","818.30A","844.62A","815.17A","822.18A","861.64A","860.14A","887.42B","897.78B","951.64B","958.45B","1,271.55A","1,344.73A","1,284.43A","1,332.79A","1,349.54A","1,387.34A","1,427.56A","1,478.52A","1,557.16A","1,591.94A","570.72A","597.87A","564.41A","582.11A","594.52A","594.03A","634.30A","630.86A","682.20A","707.57A","683.96A","692.44A","704.83A","718.57A","751.04A","759.87A","810.50B","837.53B","891.85B","898.09B","1,098.82A","1,103.93A","1,146.62A","1,201.12A","1,200.79A","1,228.15A","1,326.54A","1,399.57A","1,476.02A","1,501.94A","492.35A","520.92A","516.53A","512.35A","541.21A","563.07A","615.36A","621.54A","661.29B","661.79A","679.75A","682.05A","682.40A","679.31A","726.40A","746.90A","783.42B","796.99B","840.68B","862.05B","1,223.16B","1,202.51A","1,197.86A","1,202.86A","1,181.09A","1,323.17A","1,424.99B","1,357.36A","1,461.08A","1,504.80A","541.12A","517.74A","540.22A","530.91A","584.34B","573.72A","602.59B","620.62B","660.15A","671.77A","982.29A","971.67A","916.40A","885.03A","938.20A","866.92A","929.62B","936.39B","942.05B","868.32B","1,481.78A","1,483.85B","F","1,327.83A","1,555.92B","1,424.06B","1,515.65C","F","1,600.04C","1,587.66B","771.08B","752.67A","F","708.27A","736.90B","656.09B","739.22C","F","715.80C","718.27C","548.14A","527.95A","575.39A","575.81B","580.95B","620.01A","687.28C","647.63B","690.45B","686.96A","1,191.92B","F","F","1,224.58B","1,546.91D","1,394.00B","1,783.27E","F","F","1,689.00B","458.17A","F","F","488.72B","510.00B","490.10A","575.01C","F","F","538.77B"
"Transportation and warehousing","1,001.37A","1,027.55A","1,010.18A","1,034.52A","1,035.28A","1,091.45A","1,157.69B","1,173.38B","1,222.26B","1,248.77B","1,228.91A","1,207.22A","1,226.97A","1,242.00A","1,291.28A","1,303.03A","1,367.80A","1,443.83B","1,451.64B","1,512.96B","873.79A","897.65A","867.15A","887.16A","869.78A","943.60A","1,018.03A","1,012.90B","1,064.31B","1,082.99B","1,093.74A","1,124.15A","1,074.79A","1,120.39A","1,072.76A","1,111.67A","1,178.90B","1,174.52B","1,251.98B","1,268.68B","1,438.07A","1,370.63A","1,368.98A","1,355.53A","1,390.72A","1,305.31A","1,440.42A","1,287.45B","1,365.22B","1,441.99B","856.82A","870.46A","790.30A","863.88A","845.60A","943.63A","968.86B","1,071.90B","1,134.99B","1,183.77B","848.02A","881.38A","875.74A","F","904.05A","920.59A","989.53B","F","F","1,008.39B","F","1,095.41A","F","F","1,204.37A","1,096.48A","1,169.50A","F","F","1,119.83C","F","731.38A","F","F","719.31A","772.38B","821.29A","F","F","922.82B","930.14A","952.98A","925.36A","949.21A","957.92A","953.17A","1,057.58B","1,057.88B","1,063.89B","1,089.06B","1,235.30A","1,209.94A","1,160.17A","1,206.00A","1,253.51A","1,131.85A","1,308.29A","1,325.30B","1,180.60B","1,225.77B","764.77A","773.24A","774.89A","779.94A","794.40A","833.82A","873.51A","867.67B","947.42B","990.25B","911.80A","947.20A","943.53A","1,000.75A","1,032.02A","1,057.61A","1,123.43B","1,103.51B","1,139.94B","1,180.49B","1,142.52A","1,064.48A","1,115.75A","1,149.23A","1,231.82A","1,169.72A","1,279.81A","1,259.49B","1,341.10B","1,348.67B","767.33A","812.58A","803.35A","848.78A","851.93A","921.68A","967.51A","930.03B","969.02B","999.13C","903.27A","937.53A","935.56A","965.12A","969.36A","1,016.19A","1,105.48B","1,102.55B","1,150.14B","1,195.18B","1,105.95A","1,078.50A","1,086.07A","1,160.78A","1,227.50A","1,181.74A","1,273.88B","1,334.01B","1,328.94B","1,383.02A","797.64A","841.44A","840.12A","848.31A","825.28A","915.12A","1,001.79A","977.07B","1,030.72B","1,073.79A","960.51A","980.12A","968.67A","977.50A","981.19A","1,057.90A","1,129.71B","1,139.65B","1,187.53B","1,217.24B","1,212.07A","1,180.10A","1,193.30A","1,177.74A","1,237.64A","1,283.60A","1,347.29A","1,411.05B","1,457.20B","1,515.25A","841.78A","848.84A","842.42A","854.67A","833.53A","898.86A","987.42A","981.20B","1,009.23B","1,042.09A","980.65A","1,007.81A","977.62A","1,028.35A","997.54A","1,039.78A","1,105.75B","1,114.22B","1,186.73B","1,241.35B","1,211.88A","1,189.49A","1,147.81A","1,201.77A","1,221.62A","1,214.12A","1,260.78A","1,358.61B","1,391.53B","1,521.74B","845.66A","869.18A","835.69A","869.07A","805.44A","884.25A","987.10B","933.05B","987.88B","1,023.76B","1,113.46A","1,126.56A","1,104.31A","1,150.09A","1,109.17A","1,186.74A","1,207.68B","1,232.32B","1,295.46B","1,313.05B","1,347.03A","1,328.57A","1,375.77A","1,375.15A","1,347.67A","1,344.61A","1,362.72A","1,484.79B","1,499.42B","1,627.19B","1,004.44A","988.47A","935.30A","979.48A","940.67A","1,092.47A","1,111.42A","1,123.69B","1,206.38B","1,171.89B","1,236.43A","1,255.87A","1,206.86A","1,231.03A","1,231.97A","1,291.34A","1,298.08B","1,355.18B","1,394.14B","1,389.30B","1,441.22A","1,500.44A","1,506.97A","1,492.79A","1,522.98A","1,588.51A","1,596.25B","1,833.82B","1,692.36B","1,825.87B","1,089.73A","1,088.67A","985.08A","1,016.37A","1,020.40A","1,082.77A","1,105.86B","1,097.86B","1,210.87B","1,140.57B","1,007.89A","1,047.83A","1,045.96A","1,078.64A","1,089.78A","1,122.58A","1,202.03B","1,229.47B","1,285.47B","1,294.39B","1,189.68A","1,154.26A","1,212.30A","1,207.12A","1,278.75A","1,296.94A","1,373.64B","1,392.32B","1,462.09B","1,454.48B","884.75A","951.00A","910.20A","952.30A","929.62A","996.65A","1,074.78B","1,104.94B","1,140.15B","1,165.44B","1,037.95A","1,037.00A","921.53B","1,038.32A","1,009.67A","1,068.54A","1,168.34B","1,212.32B","1,317.60B","1,331.50B","1,310.51A","1,332.06B","1,290.61A","1,423.01A","1,390.09A","F","F","1,420.56B","1,440.42B","1,521.84C","859.85A","867.41A","748.69B","823.36A","813.93A","F","F","1,084.24B","1,197.05B","1,122.94B","F","1,394.42A","1,169.92B","1,272.89A","1,177.79C","1,310.10A","1,309.99C","1,363.61B","1,377.10C","1,509.36B","F","1,420.47A","1,411.12A","1,447.80A","1,583.67B","1,551.98B","1,629.91C","1,661.06C","1,652.86B","1,746.02B","F","1,279.70A","908.09C","1,054.97B","859.15D","1,066.36B","1,074.84C","1,133.84C","1,107.50C","1,218.51C","F","F","F","F","1,219.31B","F","F","F","F","F","F","F","F","F","F","F","F","F","F","F","F","F","F","F","F","F","F","F","F","F"
"Information and cultural industries","1,161.84A","1,202.98A","1,293.98A","1,263.97A","1,268.70A","1,302.57A","1,416.58B","1,573.69A","1,546.36B","1,670.09B","1,291.25A","1,401.38A","1,391.81A","1,404.46A","1,490.32A","1,485.52A","F","1,760.29A","F","1,838.01B","782.55B","764.37B","927.66B","861.86B","928.77B","913.75B","F","1,183.94B","F","1,260.15B","1,294.74A","1,304.53A","1,349.61A","1,155.37A","1,193.13A","1,225.71A","1,356.64B","1,144.00A","1,403.77B","1,572.49B","1,369.87A","1,463.70A","1,431.76A","1,310.76B","F","1,139.16B","1,206.09B","1,300.84A","F","1,520.37B","1,179.87A","1,123.94A","1,149.19B","886.29C","F","1,245.73A","1,411.45B","1,071.56B","F","1,587.53B","F","F","1,186.95A","F","F","F","1,014.46C","1,208.41B","x","1,344.66B","F","F","1,248.94A","F","F","F","1,057.54C","1,387.02B","x","1,452.61C","F","F","936.71B","F","F","F","844.42D","952.40C","x","1,216.87C","1,100.99A","1,129.72A","1,167.76A","1,129.63A","1,122.97A","1,147.82A","1,298.74B","1,298.03B","1,379.80B","1,485.97B","1,244.66A","1,329.93A","1,264.81A","1,283.67A","1,282.09B","1,269.36A","1,419.72B","1,506.39A","F","1,662.44B","780.43B","776.97B","918.64C","825.90B","985.38A","1,049.68A","1,212.86B","1,161.32A","F","1,279.41B","1,174.01A","1,197.22A","1,300.13A","1,240.23A","1,202.71A","1,248.12A","1,419.51B","1,459.05A","1,628.42B","1,646.36B","1,263.14A","1,418.39A","1,396.70A","1,339.70A","F","1,245.44A","1,539.53B","1,717.14A","1,967.22B","1,685.41B","903.90B","848.21B","1,019.79B","918.73C","F","1,241.90A","1,330.92B","1,230.53A","1,371.04B","1,569.92B","1,158.06A","1,143.54A","1,239.72A","1,191.96A","1,201.08A","1,235.33A","1,371.72B","1,422.72A","1,450.80B","1,571.02B","1,305.87A","1,336.46A","1,336.78A","1,321.06A","1,430.68A","1,385.41A","1,472.12B","1,623.88A","F","1,697.34B","815.32B","788.60B","945.00B","875.75B","978.21B","1,014.00A","1,218.26B","1,159.76A","F","1,358.36B","1,142.92A","1,223.75A","1,330.57A","1,316.17A","1,334.55A","1,377.03A","1,501.28B","1,723.57A","1,631.05B","1,784.27B","1,255.99A","1,421.11A","1,414.10A","1,443.56A","1,546.61A","1,554.47A","F","1,891.84B","F","1,943.00B","754.90B","753.68B","928.57B","872.92D","901.56B","820.83B","F","1,196.50D","F","1,179.90C","1,197.17A","1,290.39A","1,277.65A","1,185.92A","1,226.23A","1,405.27A","1,182.09B","1,349.47A","1,497.05B","1,549.20B","1,385.80A","1,560.26A","1,477.29A","1,381.83A","1,454.68A","1,615.08A","F","1,434.08A","1,706.68B","1,564.66B","665.81B","645.97A","753.42B","803.05B","790.78B","915.07B","F","1,320.45A","1,382.75B","1,466.80B","1,118.10A","1,079.56A","1,163.40A","1,147.83A","1,094.50A","1,137.02A","1,189.95B","1,242.30A","1,302.27B","1,365.05B","1,307.32A","1,321.36A","1,347.01A","1,387.19A","1,402.42A","1,384.88A","F","1,453.73A","F","1,606.60B","607.36B","500.97C","618.58B","522.54D","715.27B","686.12B","F","819.47B","F","848.58C","1,167.21A","1,202.60A","1,254.81A","1,202.93A","1,168.73A","1,140.39A","1,262.52B","1,472.03A","1,400.95B","1,479.00B","1,282.10A","1,375.67A","1,384.64A","1,375.12A","1,426.26A","1,333.53A","1,432.74B","1,591.26A","1,758.31C","1,738.52B","752.01B","756.98B","862.59B","799.84B","820.73B","807.49B","1,017.00C","1,252.71B","1,032.23B","1,104.99C","1,226.11A","1,249.39A","1,336.20A","1,319.78A","1,311.02A","1,313.68A","1,448.56B","1,623.64A","1,586.66B","1,713.16B","1,373.13A","1,428.05A","1,415.60A","1,454.81A","1,480.73A","1,493.43A","1,639.86B","1,721.28A","F","1,844.67B","793.09B","765.72B","977.36B","910.13B","990.29B","884.09B","927.75C","1,154.36B","F","1,190.06C","x","F","F","F","F","F","F","F","1,312.43B","F","x","F","F","F","F","F","F","F","1,586.75C","F","x","F","F","F","F","F","F","F","932.47B","F","x","F","F","F","F","F","F","F","x","F","x","F","F","F","F","F","F","F","x","F","x","F","F","F","F","F","F","F","x","F","x","F","F","F","F","F","F","F","F","F","x","F","F","F","F","F","F","F","F","F","x","F","F","F","F","F","F","F","F","F"
"Finance and insurance","1,167.18A","1,211.32A","1,262.13A","1,309.24A","1,348.33A","1,360.69A","1,454.79B","1,477.79A","1,550.85A","1,586.53A","1,272.73A","1,323.77A","1,357.39A","1,425.22A","1,447.85A","1,467.30A","1,521.86A","1,560.69A","1,606.58A","1,628.26A","767.90A","754.26B","775.77B","789.28B","840.65B","822.62B","1,033.52B","961.10B","978.09B","1,009.00B","1,012.20A","1,088.84A","1,129.90A","F","1,198.96A","F","1,294.19C","1,268.58A","1,402.08B","1,387.64A","1,102.82A","1,157.62B","F","F","F","F","1,378.94B","1,390.36A","F","F","635.86C","F","F","F","F","F","873.18D","698.94D","F","F","990.69A","937.07A","1,074.13A","F","1,111.00A","F","1,255.36A","1,365.22B","1,383.27B","1,464.83B","1,052.85A","1,024.58A","F","F","F","F","1,319.87A","F","F","F","631.66B","537.67D","F","F","F","F","822.92D","F","F","F","1,030.52A","1,044.03A","1,106.22A","1,153.48A","1,178.69A","1,245.43A","1,324.52B","1,385.26A","1,479.48A","1,509.42A","1,119.63A","1,151.52A","1,180.20A","1,233.43A","F","F","F","F","1,537.58A","F","635.35C","F","F","684.00B","F","F","F","F","906.08B","F","1,005.91A","1,049.70A","1,090.81A","1,058.19B","1,185.77A","1,227.52A","1,233.88B","1,287.19A","1,382.91B","1,460.28A","1,133.77A","1,184.48A","F","F","F","F","1,244.55A","1,401.30A","1,448.23A","F","741.13A","771.08B","F","F","F","F","883.85D","814.00B","974.03D","F","1,079.10A","1,152.73A","1,183.41A","1,232.00A","1,274.43A","1,301.24A","1,407.11B","1,362.25A","1,447.23B","1,524.78A","1,191.21A","1,299.41A","1,320.54A","1,409.69A","1,439.91A","1,471.75A","1,497.55A","1,503.80A","1,531.22A","1,563.79A","810.98A","802.73B","777.04B","843.72B","922.86B","916.45B","1,028.96B","1,011.94C","1,024.08B","1,028.95B","1,218.46A","1,259.85A","1,322.93A","1,368.85A","1,409.88A","1,404.85A","1,505.69B","1,545.41A","1,624.08B","1,640.78A","1,319.03A","1,364.21A","1,400.37A","1,456.63A","F","1,490.59A","1,561.19A","1,598.31A","1,670.80A","1,679.07A","766.17B","734.57B","813.21B","776.64B","F","779.19B","1,040.54C","930.02C","953.15B","1,024.78B","1,098.02A","1,130.38A","1,069.91A","1,250.41A","1,283.07A","1,299.07A","1,358.90B","1,473.83A","1,495.95B","1,600.78A","1,164.80A","1,185.84A","F","F","1,363.36A","1,397.43A","F","F","1,539.62B","F","669.55B","652.95D","F","F","F","622.00C","F","F","837.71D","F","1,077.60A","1,097.14A","1,180.53A","1,050.33B","1,282.55A","1,283.60A","1,331.65B","1,333.75A","1,438.05B","1,471.60A","1,264.58A","1,216.96A","1,269.26A","F","1,391.45A","1,410.36A","1,423.80A","1,436.21A","F","1,533.04A","634.74B","685.49B","659.72B","F","607.99D","709.90B","789.01C","815.33C","F","790.30C","1,285.34A","1,318.60A","1,317.06A","1,404.18A","1,400.12A","1,426.04A","1,478.95B","1,500.66A","1,571.99B","1,617.25A","1,354.82A","1,401.03A","1,405.41A","1,479.01A","1,453.27A","F","1,494.19A","1,567.02A","1,624.33A","1,674.36A","767.17B","777.51B","770.44B","744.79D","830.61C","F","1,212.37C","895.65C","858.40B","853.48C","1,165.42A","1,190.83A","1,259.58A","1,289.59A","1,318.74A","1,343.42A","1,462.05B","1,498.06A","1,528.03A","1,535.06A","1,271.64A","1,307.10A","1,376.07A","1,443.44A","1,417.18A","F","1,601.46A","1,627.04A","1,556.85A","1,584.63A","773.78B","772.84B","772.38B","812.35B","830.86B","F","1,032.32B","1,048.60B","1,108.23B","1,113.91B","x","1,195.85A","1,239.40B","F","1,222.03B","F","F","F","1,635.24B","1,668.09C","x","1,321.68A","1,299.54B","F","F","F","F","F","F","F","x","626.92D","661.30D","F","F","F","F","F","F","F","x","F","F","F","F","F","F","F","F","F","x","F","F","F","F","F","F","F","F","F","x","F","F","F","F","F","F","F","F","F","x","F","F","F","F","F","F","F","F","F","x","F","F","F","F","F","F","F","F","F","x","F","F","F","F","F","F","F","F","F"
"Real estate and rental and leasing","932.36A","939.44A","968.62A","984.39A","1,039.35A","1,044.35A","1,121.92B","1,183.60B","1,221.97B","1,227.33B","1,100.34A","1,159.11B","1,244.22A","1,211.75A","1,202.52A","1,194.73A","1,201.03A","1,349.32A","1,381.17B","1,400.01A","685.60A","661.01B","644.41A","687.07A","750.97B","735.79A","784.74B","884.22A","932.09B","916.03A","874.51B","866.22B","923.71A","949.15A","994.56B","1,055.99B","1,078.50B","1,152.78B","1,195.78B","1,197.84B","896.72C","993.80C","1,175.31B","F","888.90C","1,105.42C","1,239.07B","F","1,266.10B","1,400.25B","693.31C","615.91C","692.93C","F","878.71D","859.19C","907.42B","F","957.62C","977.51C","F","676.00A","F","F","F","F","793.60C","895.19C","F","x","F","798.33D","F","F","F","F","F","1,043.34C","F","x","F","510.49C","F","F","F","F","F","771.03B","F","x","808.13A","807.42A","901.51B","F","882.31A","941.50A","986.60B","1,030.58B","1,071.76C","1,061.74B","938.23B","F","F","F","997.50B","1,018.23B","1,102.28A","F","F","1,184.79A","586.81B","F","F","F","704.21C","719.39B","730.22B","F","F","817.44A","887.97A","933.83A","1,085.30A","907.97A","1,054.60A","1,011.80A","1,025.52B","1,004.20B","1,084.68B","1,087.01B","1,201.00C","1,132.35C","1,526.50B","1,064.08B","1,381.05B","1,275.65B","1,136.47B","F","F","1,176.56B","646.98C","651.80C","608.72B","654.05C","811.46B","749.42B","809.84B","F","F","1,001.57C","710.76A","735.17A","768.80A","828.66A","843.76A","892.90A","984.83B","1,086.67B","1,114.45B","1,123.26B","F","1,124.79D","1,152.34C","F","1,106.38B","1,096.50B","1,069.15C","1,322.90C","1,313.49B","1,353.07B","F","612.87B","579.93B","F","630.67B","645.95B","753.38C","820.17A","846.88A","827.59C","953.71A","959.09A","997.86A","990.62A","1,035.24A","1,051.45A","1,155.72B","1,221.39B","1,242.44B","1,241.88B","1,059.37B","1,131.18B","1,302.25B","1,203.65B","1,197.57B","1,193.07B","1,216.52B","F","1,402.26B","1,401.09A","653.47B","608.92B","613.78B","649.13B","700.00B","685.08B","773.03B","F","887.61C","909.71B","808.76A","901.08B","907.20A","863.76A","941.81A","824.46B","929.17B","985.57B","1,017.04B","1,010.66B","F","F","995.83B","1,109.69B","1,070.89B","988.19B","1,090.08A","F","1,151.00B","1,143.40B","F","F","611.30C","588.50C","708.65C","525.05C","628.91C","F","789.73C","776.14C","1,026.00A","1,042.64A","993.50A","1,026.89A","1,032.29A","1,031.09A","1,113.54B","1,186.17B","1,208.62B","1,185.66B","F","F","1,345.47C","1,261.37B","F","1,199.25B","1,108.58B","1,201.55B","1,291.92C","1,420.65A","F","F","532.46D","696.70C","F","752.68B","772.51B","943.35B","1,069.03C","976.78C","1,176.04A","1,126.69A","1,117.09A","1,184.15A","1,280.65A","1,266.10A","1,273.26B","1,299.46A","1,394.69B","1,416.40B","1,250.62B","1,342.33B","1,305.46A","1,393.98B","1,337.25B","1,412.08B","1,379.40B","F","1,552.68C","1,500.63B","978.58B","892.96C","852.98B","901.60B","1,076.09B","1,005.46B","917.23B","F","1,194.14C","1,163.41C","963.99A","971.06A","999.69A","1,009.36A","1,103.44A","1,069.90A","1,125.50B","1,172.99B","1,221.30B","1,227.29B","1,123.66B","1,139.57B","1,125.84B","1,154.01B","1,207.43B","1,156.91B","1,158.28B","1,332.53B","1,354.98C","1,416.71B","690.94B","668.38C","717.07B","679.91B","784.43B","769.41B","760.30C","860.37B","923.13C","880.74C","x","F","F","1,144.19D","F","F","F","1,326.65B","F","x","x","F","F","F","F","F","F","1,517.42C","F","x","x","F","F","F","F","F","F","818.15C","F","x","x","F","F","F","F","F","F","F","F","F","x","F","F","F","F","F","F","F","F","F","x","F","F","F","F","F","F","F","F","F","x","1,671.68A","1,767.10A","1,905.19A","1,911.89A","2,027.10A","1,699.11B","1,735.79B","1,520.15B","1,972.19B","x","F","2,153.85A","F","F","F","F","F","F","2,303.42A","x","F","1,227.92B","F","F","F","F","F","F","1,364.39C"
"Professional, scientific and technical services","1,307.73A","1,335.70A","1,316.86A","1,346.30A","1,385.53A","1,439.18A","1,480.73B","1,534.31B","1,633.11B","1,726.28B","1,418.03A","1,458.20A","1,443.71A","1,468.74A","1,494.22A","1,548.89A","1,591.95B","1,658.43A","1,739.03B","1,825.89B","950.92A","926.83A","909.20A","972.30A","1,020.96A","1,015.93A","1,049.69B","1,089.18A","1,171.75B","1,267.69B","1,410.29A","1,393.43A","1,348.64A","1,408.26A","1,434.75A","1,489.93A","1,525.14B","1,486.65B","1,617.59B","1,707.50B","1,410.95A","1,414.37B","1,419.44A","1,471.53A","1,523.04A","1,534.57A","1,621.55B","1,591.78A","1,693.04B","1,752.60A","1,176.30B","1,147.15C","1,084.45B","1,164.14B","1,136.61C","1,156.44D","1,169.97D","1,143.54B","1,239.12C","1,373.76B","1,180.42A","1,254.93A","1,224.64A","1,144.84A","1,134.56A","F","1,227.10C","1,272.91B","1,290.75C","1,250.17C","F","1,459.66A","F","F","1,221.08B","F","1,288.15C","F","F","F","F","679.01B","F","F","698.09C","F","820.15D","F","F","F","1,126.52A","1,163.55A","1,157.53A","1,160.21A","1,218.33A","1,295.94A","1,364.78B","1,354.34B","1,473.47B","1,580.20B","1,233.21A","1,256.64A","F","1,290.64A","1,321.80A","1,391.56A","1,460.61B","1,466.82A","1,596.79B","1,704.76B","843.46B","859.47B","F","830.02B","839.35B","875.78B","934.25C","923.61B","932.56C","1,043.72C","1,148.64A","1,212.68A","1,175.68A","1,169.46A","1,221.68A","1,294.76A","1,338.67B","1,374.08B","1,471.05B","1,569.26B","1,264.60A","1,354.36A","1,321.38A","1,278.94A","1,320.36A","1,428.12A","1,441.62B","F","1,622.90B","1,726.45B","798.98B","782.92B","785.67B","875.73B","904.04B","859.19B","914.06C","F","1,046.68C","1,072.72D","1,194.42A","1,228.92A","1,228.91A","1,268.76A","1,298.41A","1,352.39A","1,399.65B","1,445.32B","1,550.05B","1,645.56B","1,375.36A","1,388.32A","1,427.23A","1,436.26A","1,459.38A","1,499.68A","1,536.22B","1,641.64A","1,723.11B","1,830.31B","887.11A","906.69A","906.70B","957.64B","966.68A","1,023.02A","1,050.43B","1,078.18A","1,193.19B","1,273.78B","1,311.06A","1,347.64A","1,340.31A","1,389.56A","1,430.51A","1,483.26A","1,519.14B","1,594.41B","1,689.14B","1,782.00B","1,407.84A","1,432.29A","1,430.02A","1,482.81A","1,507.98A","1,574.27A","1,614.04B","1,681.25A","1,766.60B","1,839.37B","843.27B","879.54B","859.93B","957.49B","1,038.77B","1,000.23B","1,008.21C","1,062.52C","1,120.60B","1,244.77C","1,150.80A","1,152.33A","1,158.46A","1,163.39A","1,217.48A","1,261.45A","1,271.02B","1,335.84B","1,393.29B","1,474.10B","1,322.05A","1,301.02A","1,270.67A","1,290.83A","1,283.01A","1,333.78A","1,396.90B","1,440.56A","1,491.22B","1,570.79B","822.13B","802.76B","766.05B","782.60B","980.96B","924.08B","913.36C","901.80B","985.70C","1,175.02D","1,219.90A","1,302.80A","1,237.98A","1,270.97A","1,253.22A","1,313.80A","1,363.04B","1,389.41B","1,467.96B","1,516.37B","1,354.40A","1,433.92A","1,346.99B","1,389.82A","1,361.23A","1,460.79A","1,472.60B","1,531.91A","1,586.19B","1,665.49B","920.44B","939.82B","846.29B","1,009.56B","1,001.27B","943.17B","1,106.39C","1,131.29B","1,185.18B","1,194.96C","1,534.90A","1,550.03A","1,452.36A","1,452.44A","1,493.91A","1,526.74A","1,560.18B","1,583.35B","1,655.11B","1,736.93B","1,582.28A","1,652.89A","1,561.42A","1,574.58A","1,561.48A","1,602.59A","1,644.01B","1,650.29A","1,736.13B","1,823.35A","1,319.26B","1,210.76B","1,139.28B","1,139.47B","1,260.10B","1,161.30B","1,235.13B","1,306.85B","1,310.80A","1,386.77C","1,280.42A","1,294.10A","1,311.11A","1,310.44A","1,362.46A","1,432.77A","1,498.10B","1,544.92B","1,663.92B","1,764.29B","1,388.38A","1,496.16A","1,464.70A","1,445.28A","1,523.40A","1,557.67A","1,626.85A","1,682.91B","1,748.59B","1,848.35B","939.02B","816.17B","848.06B","930.97B","844.84B","949.88B","1,008.28C","1,011.32C","1,173.01B","1,281.20C","F","1,304.72A","1,227.58A","1,214.22A","F","1,343.40A","1,321.70C","1,350.35C","1,407.67B","1,529.10C","F","F","F","F","F","F","F","F","F","F","F","F","F","F","F","F","F","F","F","F","F","F","1,331.49A","1,302.24A","1,379.07A","1,396.44A","1,400.40B","1,490.32B","F","F","F","F","1,461.81A","1,416.22A","F","F","1,539.94B","1,609.77B","F","F","F","F","931.78B","1,104.39B","F","F","1,161.77C","1,152.51C","F","F","F","F","F","F","F","F","F","F","F","F","F","F","F","F","F","F","F","F","F","F","F","F","F","F","F","F","F","F","F","F"
"Management of companies and enterprises","1,333.63A","1,410.49A","1,434.60A","1,635.13B","1,676.29B","1,570.41A","1,551.86B","1,541.97B","1,541.75B","1,668.02B","1,569.63B","1,573.13B","1,624.10B","1,811.98B","1,890.68B","1,970.78A","1,846.60B","1,929.39C","1,915.62C","1,946.32B","829.39C","926.44C","939.27C","694.38B","855.77B","837.74C","876.44D","1,060.10B","962.98B","958.11C","F","F","F","F","F","F","F","F","F","F","F","F","F","F","F","F","F","F","F","F","F","F","F","F","F","F","F","F","F","F","F","F","F","F","F","F","F","F","x","x","F","F","F","F","F","F","F","F","x","x","F","F","F","F","F","F","F","F","x","x","1,219.01B","1,257.02B","1,337.55B","1,491.47B","F","F","1,424.05C","F","1,459.46B","F","1,619.91B","1,604.43C","1,691.92B","1,789.18B","F","F","1,736.05C","F","1,819.34C","F","647.46C","639.98D","670.15D","616.93D","F","F","701.91D","F","848.49D","F","F","F","F","F","F","F","F","F","1,468.44B","F","F","F","F","F","F","F","F","F","1,614.78B","F","F","F","F","F","F","F","F","F","883.36C","F","1,175.57A","1,211.46A","1,279.28A","1,463.22B","1,428.96B","1,365.98A","1,403.76B","1,493.82B","1,509.00C","1,646.78C","1,418.95B","1,437.11B","1,559.02B","1,721.03B","1,734.53B","1,802.60B","1,637.88C","1,861.79C","1,758.84C","1,823.40B","678.63C","828.99C","916.69D","693.69B","851.84B","833.53C","944.39E","993.13B","946.88D","1,118.16D","1,271.18A","1,351.93A","1,391.18A","1,670.28B","1,765.71B","F","1,582.42C","1,504.52C","1,472.65C","1,643.56C","1,552.17B","1,448.04B","1,527.72B","1,793.37B","1,965.06B","F","1,906.68B","1,924.93C","1,916.19B","1,868.76C","810.65D","964.16E","909.77D","621.92C","762.93C","F","774.44D","1,030.09C","930.20C","873.64D","909.66A","939.68A","1,013.71A","1,245.19B","1,375.09B","1,325.11B","1,305.18C","1,347.21C","1,285.91B","1,415.90C","1,227.92B","1,131.66B","1,310.41A","1,544.70B","F","F","1,640.69C","1,838.54B","1,656.31C","1,658.45C","456.56C","649.60D","624.60C","487.38C","F","F","738.44C","887.09B","839.06B","855.72D","1,108.80A","1,163.17A","1,294.39A","1,529.94B","1,551.85A","1,349.49A","1,552.46B","1,493.74B","1,541.57B","F","1,615.98B","1,748.81B","1,806.89B","1,882.08B","2,139.26C","1,872.67B","1,985.02B","1,874.33A","1,889.11B","F","695.15C","639.86D","681.31D","763.97C","796.37B","800.48C","836.70E","934.07C","877.47C","F","1,723.31A","1,987.46B","1,933.36A","2,055.39B","2,032.78B","1,947.86B","1,817.98C","1,820.33C","1,873.11C","1,966.55C","F","F","F","F","F","2,249.74B","1,980.63C","2,140.32B","2,148.38B","2,363.33B","F","F","F","F","F","1,193.17D","1,144.97E","1,416.15C","1,189.00E","1,049.15E","1,288.69A","1,402.35A","1,440.37A","1,582.13A","1,615.85A","1,439.13C","1,478.13C","1,504.82C","1,535.16C","1,612.83C","1,534.32B","1,699.46B","1,625.90B","1,739.30B","1,831.78B","1,906.54B","1,844.50B","1,906.35B","2,060.83C","2,106.52C","707.89D","833.60D","979.65C","833.26C","870.98C","840.62C","874.06B","956.77C","989.53D","901.76C","x","F","F","F","F","F","F","F","F","x","x","F","F","F","F","F","F","F","F","x","x","F","F","F","F","F","F","F","F","x","x","F","F","F","F","F","F","F","x","F","x","F","F","F","F","F","F","F","x","F","x","F","F","F","F","F","F","F","x","F","x","F","F","F","F","F","F","F","F","F","x","F","F","F","F","F","F","F","F","F","x","F","F","F","F","F","F","F","F","F"
"Administrative and support, waste management and remediation services","753.34A","777.53A","786.49A","793.18A","796.92A","845.14A","891.67B","955.21B","966.32B","1,017.01B","1,130.95A","1,110.62A","1,152.71A","1,144.24A","1,207.56A","1,257.98A","1,337.31B","1,383.47B","1,457.58B","1,496.13B","592.09A","620.91A","626.85A","612.68A","638.78A","674.91A","707.13B","756.07B","765.99B","805.58B","956.51A","939.82A","934.15A","972.51A","938.88A","1,033.79A","1,002.46B","941.54B","1,065.59B","1,094.84B","1,406.85A","1,255.35A","1,125.56B","1,348.92C","1,316.57C","1,214.53B","1,300.92C","1,126.51E","1,275.03C","1,480.44B","728.33A","711.82B","711.02B","751.78B","722.47B","903.20B","771.33C","781.35C","937.08C","866.51C","527.82A","529.78A","538.18A","547.77A","634.60A","632.83A","761.04B","676.03D","734.40B","767.33B","898.85B","926.07A","F","F","F","1,084.76B","1,195.74C","1,060.84E","1,169.30B","F","450.49A","461.56A","F","F","F","512.13B","607.41C","553.07C","621.61B","F","623.08A","644.30A","670.03A","692.86B","684.96A","726.74A","804.43B","840.62B","860.77B","902.95B","F","1,070.84B","1,062.65B","1,043.59B","1,043.27B","1,069.17B","1,218.99C","1,353.23C","1,339.88B","1,459.91B","F","520.99B","547.76A","571.49B","561.74A","570.28B","635.53B","640.91B","693.70B","702.25B","619.34A","641.86A","661.18A","655.79B","731.24A","759.83A","846.63B","807.23C","857.44B","897.63B","976.86B","993.69A","1,028.15A","F","1,129.49B","1,191.02B","1,128.30C","1,217.80C","1,350.08B","1,279.34C","512.62A","525.50A","549.28A","F","559.41B","622.68B","686.37B","659.86B","705.02B","755.90B","674.45A","708.37A","705.00A","711.91A","711.04A","776.39A","844.84B","865.20B","901.63B","935.03B","1,082.74B","1,076.63A","1,029.69B","F","1,104.61B","1,134.53B","1,279.12B","1,328.16B","1,410.59B","1,466.68B","550.55B","576.33A","595.26A","F","589.08A","634.60A","701.91B","703.92B","732.84A","777.88B","714.53A","739.95A","763.50A","777.50A","801.33A","834.87A","882.79B","966.98B","962.08B","1,011.18B","1,129.61A","1,091.86A","1,139.67A","1,137.01A","1,220.98A","1,320.70A","1,366.30B","1,418.30B","1,468.25B","1,502.91B","535.53A","555.64A","579.46A","560.72A","631.49A","655.94A","669.37B","729.60B","743.28B","768.55B","775.69A","705.54B","758.15A","693.08A","717.12A","758.98A","785.06B","831.72B","876.13B","925.76B","1,171.00A","1,057.09B","F","968.99B","1,035.32C","1,135.33C","1,141.02C","1,235.48C","1,239.59C","1,398.59C","539.51A","558.19B","F","547.65B","541.66B","573.03B","611.67B","643.87C","663.45B","697.13B","697.81A","750.68A","793.04A","774.97A","769.21A","803.07A","833.48B","862.11B","920.86B","975.20B","1,009.05B","1,036.06B","1,170.16B","1,106.42B","1,190.94B","1,280.03B","1,315.59B","1,317.27C","1,424.51B","1,456.37A","572.65B","607.85B","632.86B","606.67B","642.96B","607.08B","665.34A","681.10B","729.35B","784.28B","953.45A","982.57A","959.99A","949.19A","920.64A","991.12A","974.60B","1,030.00B","1,037.15B","1,087.31B","1,214.95B","1,228.52B","1,428.93B","1,461.53B","1,376.54B","1,298.63B","1,365.38B","1,396.24B","1,529.55B","1,462.57B","783.90A","838.86A","755.07B","718.66B","738.48A","774.99A","787.05B","815.88B","820.76B","862.37C","858.05A","871.41A","869.10A","891.46A","854.55A","914.76A","978.52B","1,086.68B","1,074.93B","1,151.05B","1,124.24A","1,133.11A","1,121.02A","1,157.39A","1,228.34A","1,249.40A","1,381.86B","1,385.85B","1,514.16B","1,592.03B","737.48A","760.03A","763.51A","761.28A","705.87A","780.36A","820.83B","958.98B","890.69B","966.23B","770.73A","792.88B","691.00A","695.90B","688.80A","F","767.30C","819.35B","792.52B","863.82B","F","F","F","F","F","F","F","1,292.87C","1,377.49C","F","F","F","F","F","F","F","F","665.55B","652.88C","F","932.97A","912.45A","849.06B","819.99A","830.46A","905.03B","1,077.74C","1,026.97C","1,007.68B","1,131.19C","F","F","F","F","1,246.09C","F","1,544.73C","F","F","1,417.20C","F","F","F","F","677.99B","F","857.43D","F","F","973.97C","F","F","F","F","F","F","F","F","F","F","F","F","F","F","F","F","F","F","F","F","F","F","F","F","F","F","F","F","F","F"
"Educational services","982.78A","1,005.53A","1,016.54A","1,038.08A","1,048.02A","1,069.28A","1,130.22B","1,164.68B","1,160.81B","1,189.21B","1,071.93A","1,091.40A","1,103.40A","1,123.43A","1,130.32A","1,154.98A","1,199.83B","1,245.35B","1,251.28B","1,280.03B","289.89B","335.95C","313.43C","335.36B","265.71C","316.74B","383.25D","409.29D","420.59C","431.77D","1,133.91A","1,165.60A","1,066.75A","1,093.49A","1,124.23A","1,146.48A","1,166.92B","1,240.32B","1,349.11B","1,340.79B","F","1,195.38A","1,141.46A","1,138.26A","1,163.40A","1,189.83A","F","1,299.31B","1,418.57B","F","F","289.98B","257.18C","280.22D","252.67C","333.69C","F","398.20D","422.53C","F","961.33A","F","1,027.22A","1,055.95A","1,047.43A","F","1,115.90B","1,159.12B","1,140.50B","1,207.89B","1,038.11A","F","F","F","F","F","1,172.36B","1,225.52B","1,226.71B","1,298.62A","311.59C","F","F","F","F","F","448.44D","466.25C","399.83C","401.73D","880.00A","885.59A","928.48A","973.23A","934.75A","968.45A","1,039.27B","1,057.77B","1,085.38B","1,125.71B","946.02A","F","1,000.30A","F","F","F","F","F","1,142.35B","1,190.10B","338.31B","F","351.13D","F","F","F","F","F","457.43D","448.20D","1,046.14A","F","1,059.82A","1,064.82A","1,072.48A","1,188.60A","1,218.43B","1,256.65B","1,247.21B","1,270.46B","1,103.80A","F","1,102.55A","1,107.06A","1,110.61A","1,244.08A","F","1,317.58B","1,303.38B","1,328.87B","301.14B","F","409.98E","400.11D","281.36C","352.52C","F","384.59D","413.47C","571.52D","890.04A","914.18A","940.02A","965.29A","982.19A","996.30A","1,049.30B","1,075.10B","1,101.07B","1,110.71B","F","F","F","F","1,053.02A","F","1,111.91B","1,149.35B","F","1,179.48A","F","F","F","F","286.21D","F","342.29E","396.22D","F","460.46D","1,036.73A","1,048.67A","1,065.95A","1,069.38A","1,081.56A","1,101.81A","1,169.90B","1,212.45B","1,170.50B","1,212.88B","1,150.14A","1,149.41A","F","1,171.35A","1,172.87A","1,205.34A","1,248.58B","1,303.74B","F","F","261.34C","297.33D","F","304.31B","202.11D","290.05C","403.20D","412.32D","F","F","888.82A","933.40A","951.59A","984.98A","1,008.14A","1,029.29A","1,070.48B","1,107.99B","1,142.80B","1,157.30B","957.98A","1,013.09A","F","F","F","F","F","1,183.74B","1,233.34B","F","307.15C","327.84D","F","F","F","F","F","401.82B","389.66C","F","996.96A","1,031.60A","1,038.91A","1,093.52A","1,086.97A","1,098.42B","1,181.62B","1,192.42B","1,197.89B","1,099.98B","1,087.19A","1,120.67A","F","1,198.85A","1,165.68A","1,197.09A","1,250.02B","F","1,282.83B","F","290.81D","372.44C","F","344.50B","260.38C","311.41C","387.89D","F","413.94C","F","1,046.52A","1,075.14A","1,062.51A","1,093.14A","1,101.08A","1,122.63A","1,175.93B","1,206.28B","1,188.95B","1,187.87B","1,133.05A","1,167.23A","1,164.06A","1,178.26A","F","1,204.40A","F","1,279.24A","1,279.25B","1,278.25B","263.16D","358.64D","331.40D","378.08C","F","400.75D","F","503.39E","428.80D","408.64E","954.49A","987.42A","981.02A","1,026.54A","1,029.10A","1,056.92A","1,130.97B","1,168.64B","1,196.50B","1,249.96B","1,034.28A","1,074.42A","1,059.88A","1,111.52A","1,116.33A","1,133.92A","1,203.81B","1,249.28B","1,278.77B","1,355.23B","317.41C","348.94C","319.46C","349.48C","330.55C","343.14C","387.19D","385.93D","413.11D","432.16D","F","F","F","F","F","F","F","F","F","F","F","F","F","F","F","F","F","F","F","F","F","F","F","F","F","F","F","F","F","F","x","1,632.36A","1,659.27A","1,633.47A","1,655.59A","1,691.67A","F","1,742.55B","1,734.55B","1,737.51B","x","1,767.50A","1,795.57A","1,775.23A","1,786.78A","1,821.86A","F","1,875.94B","1,871.12B","1,876.15B","x","418.71A","382.72A","427.21B","292.84C","381.21D","F","384.51D","434.98C","449.62D","x","1,160.17B","1,071.63B","F","1,151.04B","1,245.85B","1,156.55C","1,199.85C","F","1,671.36B","x","994.69B","F","F","F","F","F","F","F","F","x","1,870.92A","F","F","F","F","F","F","F","F"
"Health care and social assistance","853.96A","868.29A","866.91A","889.87A","908.06A","937.20A","999.52B","1,004.26B","1,031.02B","1,066.61B","1,055.04A","1,036.70A","1,064.18A","1,116.56A","1,119.91A","1,157.07A","1,196.48B","1,186.29A","1,253.12B","1,291.72B","803.56A","812.81A","817.86A","825.76A","840.78A","867.93A","936.78B","949.39A","967.76B","994.71B","891.03A","925.33A","924.70A","959.61A","993.15A","976.75A","1,002.73B","983.57B","1,026.04B","1,050.23B","939.47B","F","1,084.67B","1,101.88B","1,155.83B","F","F","1,147.18A","F","1,195.87B","851.14A","F","888.78A","910.16A","939.68A","F","F","948.61A","F","1,001.34B","817.86A","822.55A","826.26A","870.79A","883.91A","904.12A","932.12B","925.94B","972.42B","1,032.44B","F","F","F","F","F","F","F","1,085.15A","1,167.64B","F","F","F","F","F","F","F","F","882.51A","915.59B","F","817.44A","824.44A","823.78A","836.19A","841.69A","889.20A","929.87B","927.40B","981.86B","1,054.12B","951.83A","893.49A","895.21A","1,112.37B","1,034.49A","1,096.30B","1,093.97C","898.06A","1,117.69C","F","784.23A","784.08A","791.37A","784.93A","779.50A","832.27A","876.53A","900.59A","939.79B","F","793.35A","807.63A","860.95A","880.42A","900.96A","921.38A","966.75B","967.35B","1,032.69B","1,062.96B","1,049.79B","960.08B","F","1,096.77B","1,031.44B","1,086.37B","1,164.33C","1,177.55C","F","F","756.04A","770.63A","F","840.56A","860.18A","880.80A","926.68B","933.11B","F","F","790.90A","810.57A","810.19A","852.65A","874.08A","916.89A","1,000.36B","1,007.99B","1,070.02B","1,076.89B","1,026.69B","960.54B","999.37B","1,106.84B","1,107.20B","1,131.71B","1,215.24A","F","1,271.88B","1,273.61C","763.56A","779.68A","781.22A","810.59A","821.44A","869.70A","946.07A","F","1,013.42B","1,007.65A","887.17A","900.40A","891.12A","906.91A","922.94A","952.66A","1,016.54B","1,030.90A","1,040.69B","1,069.73B","1,050.83A","1,048.16A","1,026.98A","1,102.85A","1,095.81A","1,148.65A","1,163.74B","1,159.95A","1,207.00B","1,225.90C","837.86A","842.24A","848.99A","842.70A","856.95A","882.24A","956.06B","981.11A","983.51B","1,008.60B","813.73A","831.47A","828.12A","832.88A","860.54A","869.87A","876.29B","862.81B","894.69B","969.68B","927.58A","892.53A","964.35A","973.69A","997.84A","1,028.28A","1,146.04B","1,098.42B","1,157.31C","1,174.35C","782.32A","799.41A","783.34A","789.83A","810.30A","815.76A","814.71B","814.01A","847.77B","900.81B","900.21A","897.31A","893.35A","911.80A","901.70A","943.72A","984.15B","1,004.50B","1,003.90B","1,040.47B","1,033.25A","975.04A","1,044.73B","1,074.95A","1,143.79B","1,085.47B","1,134.66B","1,147.88A","1,222.08C","1,228.12B","845.80A","837.74A","841.89A","850.73A","833.01A","874.01A","909.91B","938.32A","936.63B","960.75B","920.75A","939.22A","938.61A","959.72A","981.30A","977.65A","1,009.91B","1,002.34B","994.37B","1,043.28B","1,189.28A","1,169.24A","1,268.32A","1,265.24A","1,278.98A","1,280.11A","1,312.89B","1,283.22A","1,383.77B","1,516.67B","826.66A","837.39A","834.66A","851.19A","865.72A","860.03A","910.50B","913.57A","873.42B","921.00B","840.08A","845.50A","852.69A","872.27A","893.44A","929.00A","1,013.20B","1,004.29B","1,023.52B","1,096.34B","1,032.03A","1,062.03A","1,083.72A","1,069.16A","1,098.09A","1,145.61A","1,237.25B","1,222.07A","1,269.49B","1,351.84B","774.67A","781.39A","790.33A","790.06A","825.89A","847.36A","950.64A","938.21A","956.22B","1,021.58B","956.93A","972.84A","988.89A","1,000.20A","1,038.02A","1,046.68A","1,129.53B","1,119.82B","1,128.99B","1,185.05B","F","F","F","F","F","F","F","F","F","F","F","F","F","F","F","F","F","F","F","F","1,504.31A","1,468.16A","1,391.06A","1,362.73A","1,379.52A","1,405.88A","1,332.16B","1,319.31B","1,494.39C","1,581.25B","1,772.67A","1,741.38B","1,754.87A","1,848.80B","1,745.58B","1,799.58A","F","F","F","2,195.99B","1,381.80A","1,339.88A","1,248.86A","1,145.66A","1,201.29A","1,217.03A","F","F","F","1,316.28B","1,102.13A","1,221.14A","1,213.16A","1,368.28A","1,398.97A","1,408.40A","1,516.91B","1,537.22B","1,560.50B","1,548.74B","1,605.47B","1,829.93A","F","F","2,095.12A","F","2,107.72B","2,097.72A","2,129.78B","2,178.74B","754.31A","821.27A","F","F","956.54A","F","1,081.19A","1,088.16A","1,154.82A","1,125.49A"
"Arts, entertainment and recreation","581.19A","571.07A","586.82A","593.18A","600.64A","619.81A","700.73B","723.88B","710.81B","715.07B","1,075.73A","1,076.32A","1,071.90A","1,117.44A","1,126.37A","1,250.57A","1,199.52B","1,230.32A","1,324.53B","1,342.54B","396.66A","383.73A","405.62A","401.10A","418.89A","428.56A","471.97B","477.62A","441.73B","478.03B","489.39A","F","472.91A","493.46A","480.65B","488.06A","F","615.14B","579.98B","611.17B","966.56A","F","F","F","1,001.43B","F","F","F","1,180.71B","1,228.81B","333.19B","F","F","F","334.58B","F","F","F","400.24C","414.88C","449.64A","F","F","465.16A","F","471.30A","F","614.59C","630.35B","F","F","F","F","922.34B","F","F","F","F","1,216.49B","F","F","F","F","338.27B","F","F","F","F","413.17C","F","540.40A","558.30A","544.72A","553.40A","558.43A","561.58A","626.21B","643.72B","649.93B","679.57B","954.43B","F","F","1,058.10A","F","F","1,043.28B","1,091.87B","1,210.34B","1,262.24B","357.52B","F","F","380.11B","F","F","416.88C","435.49C","423.74B","478.83C","580.39A","599.91A","590.71A","565.66A","569.58A","576.79A","713.88B","F","751.67B","816.37B","1,006.50B","F","F","1,028.42B","1,116.16A","1,026.96A","1,185.53B","F","1,329.55B","F","357.35B","F","F","408.97B","378.34B","378.25A","424.82C","F","389.31C","F","549.22A","528.96A","563.21A","584.58A","591.88A","625.87A","701.98B","720.14B","703.51B","729.70B","1,028.77A","1,046.74A","1,017.04A","1,069.36A","1,089.53A","1,171.74A","F","1,211.64B","1,276.58B","1,339.42B","435.26A","394.11A","441.87A","453.74A","468.80A","490.06A","F","511.73B","491.32B","528.40C","611.59A","586.21A","604.76A","598.62A","625.25A","620.04A","722.65B","752.36B","744.33B","716.03B","1,069.67B","1,076.13A","1,094.16A","1,145.29A","1,140.55B","1,309.22A","1,256.18B","1,229.03A","1,343.61B","1,333.84B","400.65B","386.82A","408.62A","376.53B","408.42B","407.02A","464.16B","493.14A","446.96B","457.51C","F","665.05A","702.57A","702.97A","620.45A","688.83A","719.00B","734.46B","631.02B","664.50B","F","F","F","1,040.03B","F","1,269.94A","F","F","1,277.57B","1,388.41B","F","F","F","402.96B","F","415.05B","F","F","355.32C","425.21C","554.88A","558.66A","565.74A","577.09A","569.16A","584.58A","639.86B","657.81B","653.87C","685.49D","F","988.84B","1,018.12A","1,063.75A","F","1,226.30B","1,151.94B","F","1,228.19D","F","F","391.30B","396.54B","375.19B","F","408.56B","411.41C","F","425.19D","F","581.73A","568.82A","580.75A","608.65A","591.89A","629.00A","697.21B","708.04B","658.18B","664.77B","1,090.34A","F","1,143.01A","1,195.31A","1,123.97A","1,250.10A","1,245.69B","F","1,336.36C","1,332.31B","362.35B","F","371.35B","394.03B","398.96B","421.83B","442.68B","F","388.89B","438.27C","557.19A","578.89A","567.54A","569.92A","574.48A","611.10A","666.52B","701.19B","720.55B","748.23B","1,106.14A","1,114.17A","1,060.41A","1,079.97B","1,130.57A","1,264.56A","1,160.63B","1,231.15B","1,358.41B","1,388.51B","379.76B","375.53B","378.07A","402.18B","416.03B","424.14A","448.93B","465.83B","439.28B","508.64C","x","700.63A","725.03A","F","F","F","F","862.32C","897.75B","974.93B","x","F","F","F","F","F","F","F","F","F","x","F","F","F","F","F","F","F","F","F","x","F","F","F","F","F","F","F","F","F","x","F","F","F","F","F","F","F","F","F","x","F","F","F","F","F","F","F","F","F","x","F","F","F","F","F","F","F","F","F","x","F","F","F","F","F","F","F","F","F","x","F","F","F","F","F","F","F","F","F"
"Accommodation and food services","371.34A","374.76A","370.69A","383.32A","404.15A","419.76A","436.99B","458.01B","465.13B","484.87B","745.82A","743.31A","805.02A","786.55A","886.92A","894.68A","909.94B","956.86B","1,015.05B","1,043.08B","321.79A","319.54A","317.21A","327.26A","344.50A","363.57A","371.68B","393.78B","407.21B","423.56B","430.50A","419.75A","407.87A","436.53A","432.15A","450.89A","485.89B","501.51B","486.97B","510.47B","824.49B","816.78B","F","883.94B","F","F","F","F","F","F","375.33A","369.17A","F","382.81A","F","F","F","F","F","F","335.42A","336.34A","F","366.85A","367.53A","F","423.86B","F","439.86C","466.03C","F","F","F","F","F","F","860.36D","F","928.32C","F","F","F","F","F","F","F","360.91B","F","395.41B","F","373.60A","364.19A","373.30A","379.47A","F","386.08A","397.81B","420.83B","427.33B","469.94B","741.67B","777.53A","834.20B","F","F","F","F","F","F","F","327.27A","321.68A","324.81A","F","F","F","F","F","F","F","356.03A","360.99A","366.35A","367.92A","368.64A","372.88A","402.85B","422.40B","433.57B","448.39B","F","F","F","F","F","839.29A","F","922.64C","F","F","F","F","F","F","F","334.02A","F","366.07B","F","F","367.36A","367.25A","360.49A","367.88A","384.54A","399.31A","418.37B","450.79B","448.09B","469.27B","714.49B","725.27B","752.96B","745.02B","772.40B","823.52B","896.80B","929.65C","F","1,005.15C","326.26A","325.17A","323.88A","328.94A","341.60A","360.31A","372.53B","397.72B","F","413.60B","352.04A","369.33A","361.78A","372.86A","408.34A","421.13A","440.89B","448.60B","457.96B","482.11B","727.36B","718.48B","823.32B","789.15B","929.70B","902.25B","909.19B","981.61B","998.13C","1,016.07C","305.02A","308.70A","303.67A","313.50A","344.34A","359.77A","368.74B","384.49B","402.56B","423.06B","326.22A","323.35A","335.39A","337.54A","348.98A","342.29A","360.05B","391.79B","410.16B","424.84B","755.80B","803.74B","818.32B","788.12B","796.38B","F","805.09B","F","915.63B","943.57B","279.89A","278.35A","293.93A","291.28A","293.50A","F","305.69B","F","362.13B","376.54B","368.96A","364.72A","368.89A","383.74A","369.14A","386.14A","407.13B","424.26B","423.99B","418.99B","F","F","F","808.07B","791.91B","F","827.51C","F","857.32C","F","F","F","F","329.67A","320.73A","F","345.67B","F","378.19B","F","427.38A","409.59A","406.57A","427.20A","449.06A","479.29A","481.36B","495.51B","494.41B","511.44B","829.82A","828.60B","874.67B","853.51B","F","F","966.48B","1,000.15B","1,088.41B","1,095.06B","368.56A","347.93A","342.67A","359.03A","F","F","410.22B","419.78B","427.34B","442.15B","374.32A","376.10A","375.94A","395.19A","405.06A","423.58A","440.05B","480.71B","501.37B","514.58B","737.16A","724.29B","753.06B","761.23B","875.85B","F","914.82B","F","1,067.35B","1,119.98B","317.36A","315.56A","315.87A","331.11A","338.38A","F","365.72B","F","423.09B","435.20B","454.51A","462.74B","464.79A","495.59A","527.44A","559.65A","547.37C","604.53B","594.35B","593.29C","F","F","948.18B","F","F","F","880.83E","F","F","F","F","F","399.51B","F","F","F","462.39C","F","F","F","605.06A","587.03A","576.61A","582.21A","612.88A","595.58A","F","648.85C","625.33C","616.71C","915.43B","869.30C","922.43C","1,004.81B","F","F","F","F","F","F","519.28A","498.11B","473.68A","493.73B","F","F","F","F","F","F","679.63B","744.99B","607.33A","649.62B","679.72A","545.19B","719.77B","727.87B","842.33C","779.43D","F","1,016.50D","F","862.35D","F","F","F","1,124.51C","F","F","F","716.48C","F","588.80B","F","F","F","641.21B","F","F"
"Other services (except public administration)","755.16A","770.65A","786.91A","804.48A","828.71A","854.91A","919.32B","960.90B","983.28B","1,031.41B","1,067.69A","1,127.99A","1,098.58A","1,248.51A","1,237.00A","1,213.41A","1,313.66A","1,321.34A","1,385.72B","1,482.05A","609.78A","614.87A","630.61A","623.69A","661.72A","686.27A","717.04A","778.50A","795.81B","820.35B","756.63A","774.71A","844.37A","832.79A","854.61A","889.83A","934.36B","939.87B","959.89B","980.84B","1,015.61B","1,156.30B","F","F","F","F","1,279.24C","1,270.73B","1,367.83C","1,335.70B","656.63B","637.53B","F","F","F","F","795.79A","805.16A","806.63C","809.86B","586.09A","613.57A","F","F","F","659.46A","F","757.66B","F","863.41B","F","F","F","F","F","F","F","F","F","F","F","F","F","F","F","F","F","F","F","F","637.96A","653.58A","675.50A","700.94A","737.36A","773.34A","853.40B","861.53B","886.47B","936.57B","936.75B","966.89B","1,016.69B","F","F","F","1,189.81C","1,259.23A","1,231.92B","F","495.41A","506.46B","553.90B","F","F","F","674.25B","671.49A","707.94B","F","684.16A","667.36A","677.80A","696.36A","F","725.37A","F","F","859.57B","882.73B","F","930.53B","918.15B","F","F","F","F","F","1,147.85B","F","F","552.41B","552.15A","F","F","F","F","F","734.63B","F","663.96A","678.73A","693.80A","718.88A","734.36A","770.36A","847.61B","888.95B","909.88B","959.58B","970.69B","1,074.68B","1,108.18B","F","1,128.72B","1,144.96B","1,199.66B","1,307.77A","1,289.03C","1,344.24C","582.72A","580.15A","582.06A","F","609.41A","654.38A","729.26A","752.77A","811.61B","835.68B","759.88A","780.56A","814.27A","828.82A","854.95A","884.35A","956.03B","1,014.71B","1,030.82B","1,093.95B","1,112.84A","1,144.67A","1,101.69A","1,306.87A","1,310.04A","1,233.67A","1,376.65B","1,356.04B","1,428.26B","1,588.87A","568.97A","581.94A","625.63A","589.98A","636.34A","659.75A","683.52A","765.78B","754.12B","784.65B","683.78A","706.38A","741.26A","751.79A","790.89A","792.99A","862.47B","894.17B","890.81B","923.67B","982.90B","1,099.03B","F","1,184.02A","1,215.88B","1,179.67A","1,254.76C","1,232.73A","1,315.46C","1,339.36A","538.86A","544.48A","F","552.14A","620.31A","616.73A","656.47B","740.11A","675.73B","701.52B","770.36A","765.07A","773.57A","783.58A","779.90A","798.45A","884.41B","874.29B","906.97B","947.17B","964.32B","1,087.04B","1,071.41B","1,079.59B","1,150.20B","1,192.02B","1,297.66B","1,237.12B","1,290.62C","1,267.88B","643.85A","665.06B","647.57B","641.99A","615.64B","685.23B","728.93A","767.79A","752.95B","819.19C","924.78A","934.09A","917.04A","930.93A","960.72A","969.23A","1,008.65B","1,024.56B","1,043.65B","1,093.56B","1,189.48B","1,152.83B","1,160.15B","1,301.04A","1,261.00A","1,278.82B","1,369.83B","1,325.95A","1,472.37B","1,430.65A","791.21A","793.97A","786.29A","762.03A","823.77A","819.61A","799.42C","874.70A","874.53B","919.97B","748.83A","763.62A","775.95A","802.69A","831.21A","863.68A","911.67B","966.84B","1,001.11B","1,021.47B","998.07B","1,169.92A","1,055.51B","1,182.73B","1,188.29B","1,225.02B","1,267.49A","1,303.55A","1,353.92B","1,524.64B","607.79A","607.36A","620.93A","647.29A","702.58A","710.96A","718.23B","811.24A","843.42C","839.02B","F","747.44A","739.57B","909.92A","F","919.56A","998.98C","1,052.48B","1,061.03B","F","F","1,281.62C","F","F","F","F","F","1,588.33B","F","F","F","595.83B","F","F","F","F","F","806.07B","F","F","782.27A","840.27B","856.26B","844.28A","786.00A","781.07B","864.71C","904.37C","1,011.97B","1,110.06C","F","F","F","F","1,442.78B","F","F","F","1,369.78D","F","F","F","F","F","569.44C","F","F","F","853.59C","F","F","F","F","F","F","F","F","F","1,486.74C","1,405.15B","F","F","F","F","F","F","F","F","F","F","F","F","F","F","F","F","F","F","F","F"
"Public administration","1,199.83A","1,225.70A","1,233.91A","1,265.90A","1,307.70A","1,336.12A","1,419.03A","1,464.69B","1,502.00B","1,541.89B","F","F","F","F","F","F","F","F","F","F","F","F","F","F","F","F","F","F","F","F","1,225.08A","1,251.60A","1,265.04A","1,281.88A","1,313.82A","1,301.29A","1,348.16B","1,355.32B","1,410.26B","1,457.18B","F","F","F","F","F","F","F","F","F","F","F","F","F","F","F","F","F","F","F","F","1,112.21A","1,130.75A","1,127.27A","1,151.91A","1,174.55A","1,191.89A","1,240.07B","1,244.23B","1,305.91B","1,335.48B","F","F","F","F","F","F","F","F","F","F","F","F","F","F","F","F","F","F","F","F","1,085.07A","1,095.44A","1,104.55A","1,127.41A","1,157.15A","1,174.20A","1,233.31B","1,263.61B","1,309.32B","1,307.51B","F","F","F","F","F","F","F","F","F","F","F","F","F","F","F","F","F","F","F","F","1,140.77A","1,150.88A","1,159.59A","1,169.73A","1,201.62A","1,226.16A","1,289.18B","1,313.02B","1,390.85B","1,412.71B","F","F","F","F","F","F","F","F","F","F","F","F","F","F","F","F","F","F","F","F","1,084.84A","1,107.60A","1,121.77A","1,135.91A","1,197.85A","1,230.20A","1,289.39A","1,345.35B","1,388.64B","1,439.90B","F","F","F","F","F","F","F","F","F","F","F","F","F","F","F","F","F","F","F","F","1,254.88A","1,282.47A","1,286.27A","1,329.34A","1,371.81A","1,403.92A","1,515.52A","1,563.75B","1,590.40A","1,618.91A","F","F","F","F","F","F","F","F","F","F","F","F","F","F","F","F","F","F","F","F","1,117.78A","1,127.12A","1,145.89A","1,177.64A","1,217.18A","1,240.90A","1,307.73B","1,341.14B","1,362.31C","1,409.42B","F","F","F","F","F","F","F","F","F","F","F","F","F","F","F","F","F","F","F","F","1,150.67A","1,181.77A","1,204.71A","1,239.98A","1,266.46A","1,297.92A","1,368.58B","1,399.76B","1,431.49B","1,430.42B","F","F","F","F","F","F","F","F","F","F","F","F","F","F","F","F","F","F","F","F","1,314.60A","1,336.70A","1,347.99A","1,386.27A","1,409.41A","1,447.45A","1,503.52A","1,541.78B","1,575.60B","1,584.01B","F","F","F","F","F","F","F","F","F","F","F","F","F","F","F","F","F","F","F","F","1,203.16A","1,242.68A","1,239.98A","1,268.26A","1,306.59A","1,323.60A","1,422.70B","1,483.06B","1,538.91B","1,628.22B","F","F","F","F","F","F","F","F","F","F","F","F","F","F","F","F","F","F","F","F","1,295.54A","1,315.25A","1,344.61A","1,371.71A","1,413.70A","1,437.95B","1,547.37B","1,582.07B","1,595.17C","1,656.62B","F","F","F","F","F","F","F","F","F","F","F","F","F","F","F","F","F","F","F","F","1,635.44A","1,667.61A","1,667.09A","1,706.40A","1,688.29A","1,735.14B","1,850.36B","1,830.59B","1,821.73C","1,858.01C","F","F","F","F","F","F","F","F","F","F","F","F","F","F","F","F","F","F","F","F","1,456.24A","1,448.30A","1,452.17A","1,508.26A","1,511.68A","1,524.06A","1,561.98B","1,590.62B","1,634.67B","1,757.88B","F","F","F","F","F","F","F","F","F","F","F","F","F","F","F","F","F","F","F","F"

Symbol legend:
x, suppressed to meet the confidentiality requirements of the Statistics Act
E, use with caution
F, too unreliable to be published
A, data quality: excellent
B, data quality: very good
C, data quality: good
D, data quality: acceptable


"Table Corrections:"
Date,Note
"","On April 4, 2023, a correction was made to new NAICS 2022 series at the 3 and 4 digit levels for earnings.  The data was to be published with decimal places and not in whole numbers."



Footnotes:
1,"The quality indicators take into account various factors that affect the quality of the data, notably the CV, the non-response errors and the imputation errors. Quality indicators indicate the following: A - Excellent; B - Very good; C - Good; D - Acceptable; E - Use with caution; F - Too unreliable to publish or sample size is too small to produce reliable estimates."
2,"The introduction of administrative data in 2001 and the associated change in methodology resulted in level shifts for some series. This affects the comparability of pre- and post-2001 estimates."
3,"Earnings data are based on gross payroll before source deductions."
4,"Industry estimates in this table are based on the 2022 North American Industry Classification System (NAICS) Version 1.0."
5,"Although the creation of Nunavut officially took place in April 1999, the Survey of Employment, Payrolls and Hours (SEPH) was only able to begin publishing separate estimates for Northwest Territories and Nunavut with the release of the January 2001 data. Efforts were undertaken to estimate the employment for Nunavut back to April 1999. These are available upon request by contacting Client Services (toll-free: 1-866-873-8788; statcan.labour-travail.statcan@canada.ca), Labour Statistics Division."
6,"Since January 2001, the Survey of Employment, Payrolls and Hours (SEPH) program no longer combines Northwest Territories and Nunavut. They are produced as two separate territories."
7,""All employees" is the sum of employees paid by the hour, salaried employees and other employees."
8,"Industrial aggregate covers all industrial sectors except those primarily involved in agriculture, fishing and trapping, private household services, religious organisations and the military personnel of the defence services."
9,"Unclassified businesses (00) are businesses for which the industrial classification (North American Industry Classification System [NAICS] 2022 Version 1.0) has yet to be determined."
10,"Goods producing industries (11-33N) includes the following sectors: forestry, logging and support (11N), mining, quarrying, and oil and gas extraction (21), utilities (22), construction (23) and manufacturing (31-33)."
11,"Forestry, logging and support (11N) includes the following industries: forestry and logging (113) and support activities for forestry (1153)."
12,"Service producing industries (41-91N) includes the following industries: trade (41-45N), transportation and warehousing (48-49), information and cultural industries (51), finance and insurance (52), real estate and rental and leasing (53), professional, scientific and technical services (54), management of companies and enterprises (55), administrative and support, waste management and remediation services (56), educational services (61), health care and social assistance (62), arts, entertainment and recreation (71), accommodation and food services (72), other services (except public administration) (81) and public administration (91)."
13,"Trade (41-45N) industry includes the following sectors: wholesale trade (41) and retail trade (44-45)."



"How to cite: Statistics Canada. Table 14-10-0204-01  Average weekly earnings by industry, annual"
https://www150.statcan.gc.ca/t1/tbl1/en/tv.action?pid=1410020401